category		contribution	contribution	contribution	strenghts	strenghts	strenghts	weakness	weakness	weakness	reproducibility	reproducibility	reproducibility	detailed	detailed	detailed	justifictation	justifictation	justifictation
review		review 1	review 2	review 3	review 1	review 2	review 3	review 1	review 2	review 3	review 1	review 2	review 3	review 1	review 2	review 3	review 1	review 2	review 3
id	title																		
001-Paper1347	3D CVT-GAN: A 3D Convolutional Vision Transformer-GAN for PET Reconstruction	52	13	69	36	31	45	41	26	107	4	4	19	13	94	13	34	6	54
002-Paper1233	3D Global Fourier Network for Alzheimer's Disease Diagnosis using Structural MRI	20	40	69	24	10	8	32	13	34	15	14	6	20	36	72	7	2	9
003-Paper1512	4D-OR: Semantic Scene Graphs for OR Domain Modeling	40	147	56	55	222	35	82	279	50	47	25	9	3	307	121	26	64	26
004-Paper2655	A Comprehensive Study of Modern Architectures and Regularization Approaches on CheXpert5000	103	139	20	37	63	44	6	30	15	1	66	29	14	473	42	3	42	22
005-Paper1525	A Deep-Discrete Learning Framework for Spherical Surface Registration	22	72	44	70	82	66	29	120	3	5	1	38	375	103	83	5	18	17
006-Paper1155	A Geometry-Constrainted Deformable Attention Network for Aortic Segmentation	22	55	29	56	98	32	124	244	11	24	35	21	41	154	142	9	48	20
007-Paper1247	A Hybrid Propagation Network for Interactive Volumetric Image Segmentation	23	76	114	83	35	37	25	24	190	6	59	19	42	60	376	18	24	43
008-Paper0063	A Learnable Variational Model for Joint Multimodal MRI Reconstruction and Synthesis	24	39	80	41	83	42	157	106	48	27	10	5	35	136	49	28	36	39
009-Paper1374	A Medical Semantic-Assisted Transformer for Radiographic Report Generation	87	55	52	75	40	83	156	96	31	18	24	21	71	28	84	30	39	54
010-Paper1785	A Multi-task Network with Weight Decay Skip Connection Training for Anomaly Detection in Retinal Fundus Images	39	101	66	24	110	57	217	115	80	7	28	4	29	88	39	44	85	33
011-Paper1016	A New Dataset and A Baseline Model for Breast Lesion Detection in Ultrasound Videos	39	80	67	29	43	12	20	24	20	1	39	13	218	52	229	22	23	22
012-Paper0202	A Novel Deep Learning System for Breast Lesion Risk Stratification in Ultrasound Images	103	85	56	37	22	56	100	128	149	50	8	20	243	52	63	24	41	34
013-Paper0975	A Novel Fusion Network for Morphological Analysis of Common Iliac Artery	48	29	38	34	25	49	62	26	27	8	24	13	118	79	61	32	28	22
014-Paper1405	A Novel Knowledge Keeper Network for 7T-Free But 7T-Guided Brain Tissue Segmentation	36	23	30	7	19	40	91	107	117	5	5	7	22	38	117	5	11	7
015-Paper1881	A Penalty Approach for Normalizing Feature Distributions to Build Confounder-Free Models	18	37	64	42	24	48	140	107	134	14	5	12	412	74	1	22	25	41
016-Paper2636	A Projection-Based K-space Transformer Network for Undersampled Radial MRI Reconstruction with Limited Training Subjects	14	34	70	31	33	29	21	34	48	14	8	24	39	102	19	12	12	42
017-Paper0545	A Robust Volumetric Transformer for Accurate 3D Tumor Segmentation	84	27	40	76	85	37	144	98	76	7	5	12	88	23	54	52	3	20
018-Paper0114	A Self-Guided Framework for Radiology Report Generation	39	70	28	39	32	43	30	313	21	21	10	29	54	279	119	19	10	28
019-Paper0199	A Sense of Direction in Biomedical Neural Networks	122	80	74	23	28	101	21	48	200	12	32	31	493	190	158	26	45	52
020-Paper0395	A Spatiotemporal Model for Precise and Efficient Fully-automatic 3D Motion Correction in OCT	87	20	34	90	35	23	130	97	16	88	15	13	257	7	53	75	11	33
021-Paper0893	A Transformer-Based Iterative Reconstruction Model for Sparse-View CT Reconstruction	56	27	27	23	36	25	136	39	67	18	16	2	173	30	113	39	22	55
022-Paper0036	AANet: Artery-Aware Network for Pulmonary Embolism Detection in CTPA Images	55	63	24	34	43	32	91	170	119	7	18	19	1	170	34	5	39	37
023-Paper2394	Accelerated pseudo 3D dynamic speech MR imaging at 3T using unsupervised deep variational manifold learning	33	43	31	45	30	52	133	27	65	6	15	18	63	62	110	27	18	6
024-Paper2344	Accurate and Explainable Image-based Prediction Using a Lightweight Generative Model	39	46	127	47	81	91	34	268	333	31	31	22	52	5	370	39	40	148
025-Paper0249	Accurate and Robust Lesion RECIST Diameter Prediction and Segmentation with Transformers	134	87	47	31	51	19	41	235	51	42	202	1	181	1075	230	35	109	31
026-Paper1270	Accurate Corresponding Fiber Tract Segmentation via FiberGeoMap Learner	71	18	98	68	11	80	28	159	7	1	1	12	263	179	500	8	11	47
027-Paper0159	ACT: Semi-supervised Domain-adaptive Medical Image Segmentation with Asymmetric Co-Training	37	122	69	42	56	68	73	251	188	3	24	14	24	109	46	18	53	49
028-Paper2509	Adaptation of Surgical Activity Recognition Models Across Operating Rooms	11	156	46	17	26	12	20	23	61	10	23	33	41	127	22	131	35	16
029-Paper2006	Adapting the Mean Teacher for keypoint-based lung registration under geometric domain shifts	58	43	22	28	47	52	410	98	13	6	10	11	50	51	72	15	17	32
030-Paper0272	Adaptive 3D Localization of 2D Freehand Ultrasound Brain Images	21	42	30	18	49	80	12	105	203	1	4	21	176	72	81	16	22	44
031-Paper2848	AdaTriplet: Adaptive Gradient Triplet Loss with Automatic Margin Learning for Forensic Medical Image Matching	56	36	81	43	54	35	34	74	350	5	8	21	74	34	72	18	17	84
032-Paper1371	Addressing Class Imbalance in Semi-supervised Image Segmentation: A Study on Cardiac MRI	67	16	55	40	34	48	149	32	27	12	12	13	66	92	95	39	81	19
033-Paper0332	Adversarial Consistency for Single Domain Generalization in Medical Image Segmentation	55	51	58	60	11	57	34	246	69	37	16	8	88	120	28	19	28	10
034-Paper1829	Adversarially Robust Prototypical Few-shot Segmentation with Neural-ODEs	18	57	57	29	60	38	463	61	100	9	8	20	32	17	38	4	6	32
035-Paper1248	Agent with Tangent-based Formulation and Anatomical Perception for Standard Plane Localization in 3D Ultrasound	81	60	37	72	69	59	186	67	162	33	28	12	121	118	46	8	115	39
036-Paper1552	Aggregative Self-Supervised Feature Learning from Limited Medical Images	80	55	76	31	53	48	10	123	30	19	14	14	162	141	128	21	57	86
037-Paper1305	An Accurate Unsupervised Liver Lesion Detection Method Using Pseudo-Lesions	82	145	52	46	44	58	143	221	49	31	17	28	140	129	92	38	18	41
038-Paper1415	An adaptive network with extragradient for diffusion MRI-based microstructure estimation	35	66	36	34	42	42	13	62	75	4	41	23	106	247	86	25	18	31
039-Paper2756	An Advanced Deep Learning Framework for Video-based Diagnosis of ASD	30	50	77	9	25	34	48	34	154	9	1	21	20	146	29	36	14	39
040-Paper0031	An End-to-End Combinatorial Optimization Method for R-band Chromosome Recognition with Grouping Guided Attention	62	91	36	45	50	107	56	149	491	23	6	196	28	19	82	61	26	38
041-Paper0049	An Inclusive Task-Aware Framework for Radiology Report Generation	42	134	46	47	161	29	133	150	12	4	5	1	133	79	27	18	41	2
042-Paper1549	An Optimal Control Problem for Elastic Registration and Force Estimation in Augmented Surgery	68	106	36	60	52	13	226	78	42	14	18	7	99	212	47	88	39	15
043-Paper1625	Analyzing and Improving Low Dose CT Denoising Network via HU Level Slicing	28	85	53	33	36	56	33	44	75	1	35	40	37	61	94	29	81	39
044-Paper1703	Analyzing Brain Structural Connectivity as Continuous Random Functions	37	62	11	67	71	29	36	18	436	7	42	12	249	100	40	15	5	24
045-Paper1726	Anatomy-Guided Weakly-Supervised Abnormality Localization in Chest X-rays	74	100	52	32	39	32	61	216	35	3	8	7	6	2	48	25	26	34
046-Paper2430	Anomaly-aware multiple instance learning for rare anemia disorder classification	46	25	48	22	51	93	84	77	161	25	9	22	107	31	56	7	2	23
047-Paper1683	Assessing the Performance of Automated Prediction and Ranking of Patient Age from Chest X-rays Against Clinicians	109	76	78	62	51	40	187	27	78	6	21	2	5	211	134	26	58	124
048-Paper1796	Asymmetry Disentanglement Network for Interpretable Acute Ischemic Stroke Infarct Segmentation in Non-Contrast CT Scans	144	28	26	263	19	68	429	234	47	81	2	14	484	173	75	20	14	40
049-Paper2434	Atlas-based Semantic Segmentation of Prostate Zones	34	24	66	33	23	31	208	27	166	7	11	24	32	23	232	57	12	26
050-Paper0345	Atlas-powered deep learning (ADL) - application to diffusion weighted MRI	34	30	71	20	36	66	9	69	60	45	3	56	22	154	524	13	26	50
051-Paper1798	Attention mechanisms for physiological signal deep learning: which attention should we take?	69	5	42	201	8	18	321	5	25	62	3	21	166	148	211	77	18	21
052-Paper2482	Attentional Generative Multimodal Network for Neonatal Postoperative Pain Estimation	37	90	77	38	29	34	26	51	72	20	17	5	55	86	99	37	51	37
053-Paper1971	Attention-enhanced Disentangled Representation Learning for Unsupervised Domain Adaptation in Cardiac Segmentation	30	42	49	26	69	34	24	85	305	11	17	28	69	67	31	9	26	10
054-Paper0676	Attentive Symmetric Autoencoder for Brain MRI Segmentation	31	60	22	49	102	35	18	341	78	6	40	15	30	89	36	7	68	11
055-Paper0121	Autofocusing+: Noise-Resilient Motion Correction in Magnetic Resonance Imaging	29	69	45	17	51	44	46	96	50	15	8	28	56	335	200	19	47	32
056-Paper0386	AutoGAN-Synthesizer: Neural Architecture Search for Cross-Modality MRI Synthesis	18	121	55	30	37	23	101	39	55	11	6	19	55	58	155	16	12	5
057-Paper1988	AutoLaparo: A New Dataset of Integrated Multi-tasks for Image-guided Surgical Automation in Laparoscopic Hysterectomy	64	40	74	40	36	94	26	114	93	72	8	15	521	11	219	29	43	42
058-Paper1919	Automated Classification of General Movements in Infants Using Two-stream Spatiotemporal Fusion Network	47	93	44	19	72	20	197	37	43	9	8	5	78	201	2	38	56	6
059-Paper2247	Automatic Detection of Steatosis in Ultrasound Images with Comparative Visual Labeling	25	81	94	67	102	44	37	253	140	9	11	38	8	162	131	55	58	35
060-Paper1361	Automatic identification of segmentation errors for radiotherapy using geometric learning	1	109	58	1	95	22	1	433	174	1	73	11	1	164	4	91	96	5
061-Paper2252	Automatic Segmentation of Hip Osteophytes in DXA Scans using U-Nets	21	59	51	21	137	67	15	58	164	12	64	44	63	319	64	14	105	29
062-Paper0295	Automating Blastocyst Formation and Quality Prediction in Time-Lapse Imaging with Adaptive Key Frame Selection	84	52	52	29	20	62	80	8	16	53	23	7	258	150	93	36	5	62
063-Paper2315	Automation of clinical measurements on radiographs of children's hips	71	109	24	59	73	20	70	57	36	21	48	22	189	60	274	14	55	33
064-Paper1731	BabyNet: Residual Transformer Module for Birth Weight Prediction on Fetal Ultrasound Video	33	21	61	47	32	44	32	11	219	10	6	24	115	149	168	43	16	49
065-Paper0280	Bayesian dense inverse searching algorithm for real-time stereo matching in minimally invasive surgery	62	79	59	13	134	21	1	13	61	4	9	12	3	182	84	9	54	13
066-Paper2505	Bayesian Pseudo Labels: Expectation Maximization for Robust and Efficient Semi-Supervised Segmentation	75	17	61	78	52	63	31	212	11	12	1	21	34	4	162	26	52	34
067-Paper1462	Benchmarking the Robustness of Deep Neural Networks to Common Corruptions in Digital Pathology	93	63	39	53	62	50	317	56	310	12	14	43	4	22	188	14	17	74
068-Paper2856	BERTHop: An Effective Vision-and-Language Model for Chest X-ray Disease Diagnosis	53	54	39	29	33	79	50	34	88	21	10	29	66	6	47	25	19	17
069-Paper1459	Bi-directional Encoding for Explicit Centerline Segmentation by Fully-Convolutional Networks	16	24	56	11	57	43	70	245	155	12	1	56	18	18	780	2	32	54
070-Paper1108	BiometryNet: Landmark-based Fetal Biometry Estimation from Standard Ultrasound Planes	54	60	50	55	29	23	115	17	10	29	11	16	142	85	84	24	28	36
071-Paper1852	BMD-GAN: Bone mineral density estimation using x-ray image decomposition into projections of bone-segmented quantitative computed tomography using hierarchical learning	36	45	31	41	127	50	64	35	49	14	90	15	163	122	71	21	14	14
072-Paper0820	Boundary-Enhanced Self-Supervised Learning for Brain Structure Segmentation	68	49	46	88	19	35	89	134	123	5	9	14	18	87	97	18	25	30
073-Paper0016	BoxPolyp: Boost Generalized Polyp Segmentation using Extra Coarse Bounding Box Annotations	136	50	135	152	13	15	96	49	68	3	9	9	306	66	183	54	13	61
074-Paper2706	Brain-Aware Replacements for Supervised Contrastive Learning in Detection of Alzheimer's Disease	30	40	41	65	37	87	105	68	72	19	17	8	22	89	76	23	27	29
075-Paper2270	Breaking with Fixed Set Pathology Recognition through Report-Guided Contrastive Training	110	32	50	73	58	17	73	27	128	5	14	49	52	55	270	39	55	73
076-Paper1095	Building Brains: Subvolume Recombination for Data Augmentation in Large Vessel Occlusion Detection	27	47	21	10	23	36	25	28	76	12	8	27	208	259	30	16	29	46
077-Paper0239	CACTUSS: Common Anatomical CT-US Space for US examinations	59	70	62	31	22	94	60	66	140	21	3	61	302	36	62	45	22	51
078-Paper0017	Calibrating Label Distribution for Class-Imbalanced Barely-Supervised Knee Segmentation	56	87	42	152	69	80	213	137	43	103	29	24	381	158	81	50	6	20
079-Paper0963	Calibration of Medical Imaging Classification Systems with Weight Scaling	56	42	23	75	52	39	24	51	300	21	26	28	10	112	43	31	68	20
080-Paper1145	Camera Adaptation for Fundus-Image-Based CVD Risk Estimation	75	57	73	25	60	39	22	72	11	9	7	6	117	161	53	28	37	22
081-Paper2332	Capturing Shape Information with Multi-Scale Topological Loss Terms for 3D Reconstruction	93	73	98	58	54	80	76	44	171	52	36	28	23	147	34	27	60	48
082-Paper2156	Carbon Footprint of Selecting and Training Deep Learning Models for Medical Image Analysis	19	44	24	30	87	5	17	37	188	12	167	8	177	161	45	18	33	19
083-Paper0783	CaRTS: Causality-driven Robot Tool Segmentation from Vision and Kinematics Data	32	96	38	47	147	62	208	85	124	13	27	10	85	152	30	31	41	48
084-Paper1369	CASHformer: Cognition Aware SHape Transformer for Longitudinal Analysis	48	53	133	36	30	97	45	73	124	8	7	58	11	48	85	14	13	48
085-Paper0894	Censor-aware Semi-supervised Learning for Survival Time Prediction from Medical Images	32	65	43	64	38	33	46	48	68	41	36	9	59	161	6	24	51	28
086-Paper0497	CephalFormer: Incorporating Global Structure Constraint into Visual Features for General Cephalometric Landmark Detection	63	60	61	39	48	73	107	73	7	7	10	8	42	183	76	146	28	21
087-Paper2197	Cerebral Microbleeds Detection Using a 3D Feature Fused Region Proposal Network with Hard Sample Prototype Learning	66	43	42	48	56	61	38	135	40	4	44	16	306	116	176	29	43	19
088-Paper0402	CFDA: Collaborative Feature Disentanglement and Augmentation for Pulmonary Airway Tree Modeling of COVID-19 CTs	58	41	30	30	40	31	29	10	128	24	5	4	32	20	52	15	41	6
089-Paper1601	Characterization of brain activity patterns across states of consciousness based on variational auto-encoders	4	76	72	11	63	14	6	85	127	2	8	3	67	85	31	8	24	4
090-Paper1593	CheXRelNet: An Anatomy-Aware Model for Tracking Longitudinal Relationships between Chest X-Rays	49	95	45	46	85	7	9	137	10	27	25	26	63	170	2	6	22	2
091-Paper1588	ChrSNet: Chromosome Straightening using Self-attention Guided Networks	66	36	26	40	27	25	53	35	99	10	18	25	384	90	76	48	14	26
092-Paper2297	CIRDataset: A large-scale Dataset for Clinically-Interpretable lung nodule Radiomics and malignancy prediction	80	30	110	25	28	48	39	24	28	42	63	14	366	155	160	24	28	21
093-Paper1320	Class Impression for Data-free Incremental Learning	40	38	48	117	72	91	60	307	11	12	16	2	55	21	20	37	19	43
094-Paper1363	Classification-aided High-quality PET Image Synthesis via Bidirectional Contrastive GAN with Shared Information Maximization	49	93	83	21	26	72	14	77	128	4	5	13	198	131	180	4	5	112
095-Paper0431	Clinical-realistic Annotation for Histopathology Images with Probabilistic Semi-supervision: A Worst-case Study	35	36	88	30	26	105	31	65	357	13	34	47	91	99	45	6	24	25
096-Paper2314	CLTS-GAN: Color-Lighting-Texture-Specular Reflection Augmentation for Colonoscopy	52	32	98	86	35	53	58	93	195	32	7	29	55	193	289	35	15	49
097-Paper0726	Collaborative Quantization Embeddings for Intra-Subject Prostate MR Image Registration	53	38	30	25	63	43	18	7	238	16	32	22	152	78	60	25	34	14
098-Paper0779	Combining mixed-format labels for AI-based pathology detection pipeline in a large-scale knee MRI study	24	141	41	26	138	18	46	71	36	18	39	28	88	408	241	12	67	70
099-Paper2128	Combining multiple atlases to estimate data-driven mappings between functional connectomes using optimal transport	43	121	79	32	83	41	91	70	46	14	1	10	76	2	98	6	22	36
100-Paper1882	Computer-aided Tuberculosis Diagnosis with Attribute Reasoning Assistance	32	44	93	67	62	59	103	48	52	53	7	17	125	37	94	35	33	35
101-Paper0377	Conditional Generative Data Augmentation for Clinical Audio Datasets	42	65	37	18	18	40	27	32	62	12	13	48	91	157	368	18	12	22
102-Paper1704	Conditional VAEs for confound removal and normative modelling of neurodegenerative diseases	86	14	43	23	12	69	49	64	31	14	2	13	30	35	17	7	11	35
103-Paper2792	Consistency-based Semi-supervised Evidential Active Learning for Diagnostic Radiograph Classification	66	69	55	48	48	80	94	64	87	6	19	21	57	29	141	34	27	19
104-Paper0744	Consistency-preserving Visual Question Answering in Medical Imaging	29	38	59	95	17	18	91	38	51	11	1	1	159	42	68	10	27	18
105-Paper0772	Context-Aware Transformers For Spinal Cancer Detection and Radiological Grading	50	71	36	33	74	43	89	36	80	13	37	22	23	182	18	43	52	7
106-Paper0991	Context-aware Voxel-wise Contrastive Learning for Label Efficient Multi-organ Segmentation	25	45	17	36	34	31	229	84	68	6	14	11	6	73	58	31	47	16
107-Paper1211	ConTrans: Improving Transformer with Convolutional Attention for Medical Image Segmentation	35	48	52	55	32	27	201	93	163	15	20	8	70	7	210	6	37	46
108-Paper0616	ContraReg: Contrastive Learning of Multi-modality Unsupervised Deformable Image Registration	25	62	47	41	30	155	92	120	27	24	60	31	105	32	72	9	12	35
109-Paper1057	Contrast-free Liver Tumor Detection using Ternary Knowledge Transferred Teacher-student Deep Reinforcement Learning	27	21	33	142	16	43	69	10	67	5	7	18	42	90	28	35	15	38
110-Paper0148	Contrastive Functional Connectivity Graph Learning for Population-based fMRI Classification	30	44	43	43	19	35	167	10	16	12	12	20	210	105	24	13	10	19
111-Paper1698	Contrastive learning for echocardiographic view integration	38	28	49	58	46	90	53	89	88	7	5	17	63	3	125	22	19	32
112-Paper1582	Contrastive Masked Transformers for Forecasting Renal Transplant Function	113	63	41	142	65	14	4	144	7	14	19	4	28	75	45	27	14	11
113-Paper1027	Contrastive Re-localization and History Distillation in Federated CMR Segmentation	87	64	16	35	137	11	25	178	22	25	93	23	347	139	246	39	70	26
114-Paper0573	Contrastive Transformer-based Multiple Instance Learning for Weakly Supervised Polyp Frame Detection	17	58	61	27	33	37	2	113	178	9	21	36	105	5	64	18	51	51
115-Paper0458	Coronary R-CNN: Vessel-wise Method for Coronary Artery Lesion Detection and Analysis in Coronary CT Angiography	59	32	79	18	59	24	78	64	19	64	36	8	110	189	19	36	44	60
116-Paper2123	CorticalFlow++: Boosting Cortical Surface Reconstruction Accuracy, Regularity, and Interoperability	40	69	55	45	29	111	174	35	2	20	7	3	78	67	223	21	13	2
117-Paper0775	CRISP - Reliable Uncertainty Estimation for Medical Image Segmentation	33	52	135	119	41	41	48	173	191	9	11	34	56	110	189	32	44	65
118-Paper0133	CS2: A Controllable and Simultaneous Synthesizer of Images and Annotations with Minimal Human Intervention	37	91	44	89	44	21	9	35	126	18	16	10	48	179	118	22	34	58
119-Paper0756	Curvature-enhanced Implicit Function Network for High-quality Tooth Model Generation from CBCT Images	40	69	25	26	97	6	84	106	4	23	49	1	27	83	97	25	45	3
120-Paper0539	DA-Net: Dual Branch Transformer and Adaptive Strip Upsampling for Retinal Vessels Segmentation	122	66	36	170	51	58	203	125	18	16	15	6	193	105	74	46	49	17
121-Paper0233	D'ARTAGNAN: Counterfactual Video Generation	29	23	41	13	80	11	36	161	28	25	19	32	4	161	172	19	7	43
122-Paper1816	Data-Driven Deep Supervision for Skin Lesion Classification	104	30	39	25	28	21	62	153	12	39	1	5	247	160	13	32	58	20
123-Paper1296	Data-driven Multi-Modal Partial Medical Image Preregistration by Template Space Patch Mapping	51	98	49	14	65	77	25	17	72	69	28	33	127	203	139	39	59	45
124-Paper2698	DDPNet: A novel dual-domain parallel network for low-dose CT reconstruction	41	68	44	15	48	44	289	301	43	40	24	11	142	62	13	6	47	17
125-Paper0688	Decoding Task Sub-type States with Group Deep Bidirectional Recurrent Neural Network	43	52	34	37	36	41	38	52	35	6	17	5	225	244	205	43	25	27
126-Paper0406	Decoupling Predictions in Distributed Learning for Multi-Center Left Atrial MRI Segmentation	76	102		47	29		112	22		80	10		166	291		29	24	
127-Paper1750	Deep filter bank regression for super-resolution of anisotropic MR brain images	66	125	38	53	70	21	7	197	71	12	24	5	121	180	25	38	13	16
128-Paper2496	Deep Geometric Supervision Improves Spatial Generalization in Orthopedic Surgery Planning	97	44	22	30	15	61	114	34	73	14	16	7	43	253	189	27	16	27
129-Paper0636	Deep is a Luxury We Don't Have	17	50	48	27	50	19	22	31	39	15	22	21	20	135	282	20	61	36
130-Paper1440	Deep Laparoscopic Stereo Matching with Transformers	74	92	36	74	27	13	14	320	24	64	12	3	130	312	25	69	13	21
131-Paper2581	Deep Learning based Modality-Independent Intracranial Aneurysm Detection	10	46	49	12	41	64	30	222	56	8	10	25	85	56	21	10	39	58
132-Paper0144	Deep Learning-based Facial Appearance Simulation Driven by Surgically Planned Craniomaxillofacial Bony Movement	41	75	81	105	59	147	60	60	106	34	12	85	254	71	98	18	49	37
133-Paper1387	Deep learning-based Head and Neck Radiotherapy Planning Dose Prediction via Beam-wise Dose Decomposition	117	30	40	88	43	23	330	61	38	91	9	34	113	8	157	74	130	39
134-Paper1226	Deep Motion Network for Freehand 3D Ultrasound Reconstruction	23	85	90	33	51	53	39	65	30	24	13	19	57	65	764	79	21	62
135-Paper2703	Deep Multimodal Guidance for Medical Image Classification	33	53	52	27	53	106	33	72	55	4	26	28	60	44	478	7	27	42
136-Paper2262	Deep Regression with Spatial-Frequency Feature Coupling and Image Synthesis for Robot-Assisted Endomicroscopy	1	59	53	1	34	43	1	27	24	1	12	1	1	30	3	86	21	28
137-Paper2350	Deep Reinforcement Learning for Detection of Inner Ear Abnormal Anatomy in Computed Tomography	67	110	35	34	167	37	135	133	23	22	29	7	130	287	56	13	59	18
138-Paper2325	Deep Reinforcement Learning for Small Bowel Path Tracking using Different Types of Annotations	18	74	29	24	39	56	50	196	25	12	13	11	2	69	25	17	33	25
139-Paper0232	Deep treatment response assessment and prediction of colorectal cancer liver metastases	22	33	48	20	16	11	32	92	45	1	2	49	59	3	254	53	10	44
140-Paper0637	DeepCRC: Colorectum and Colorectal Cancer Segmentation in CT Scans via Deep Colorectal Coordinate Transform	48	56	40	116	100	37	73	120	100	28	36	14	20	69	10	33	30	37
141-Paper0970	Deep-learning Based T1 and T2 Quantification from Undersampled Magnetic Resonance Fingerprinting Data to Track Tracer Kinetics in Small Laboratory Animals	24	48	96	41	68	73	50	185	37	12	68	21	105	287	88	56	24	20
142-Paper2133	DeepMIF: Deep learning based cell profiling for multispectral immunofluorescence images with graphical user interface	35	46	54	24	32	60	81	59	72	12	16	43	75	174	11	34	35	10
143-Paper1080	DeepPyramid: Enabling Pyramid View and Deformable Pyramid Reception for Semantic Segmentation in Cataract Surgery Videos	64	30	58	36	35	22	112	54	11	13	7	5	138	22	315	19	13	7
144-Paper0626	DeepRecon: Joint 2D Cardiac Segmentation and 3D Volume Reconstruction via A Structure-Specific Generative Method	83	29	36	53	41	54	120	35	75	15	2	53	162	236	32	17	29	1
145-Paper1802	Deformer: Towards Displacement Field Learning for Unsupervised Medical Image Registration	85	33	69	91	6	20	207	161	20	29	3	9	31	18	85	55	3	20
146-Paper0151	Degradation-invariant Enhancement of Fundus Images via Pyramid Constraint Network	30	23	44	23	44	40	93	84	19	15	5	15	3	27	85	10	40	24
147-Paper0429	Delving into Local Features for Open-Set Domain Adaptation in Fundus Image Analysis	39	39	55	24	49	62	12	109	187	29	30	7	157	48	27	17	32	25
148-Paper0702	Denoising for Relaxing: Unsupervised Domain Adaptive Fundus Image Segmentation without Source Data	49	104	71	29	92	56	26	258	205	18	9	33	7	95	40	14	12	59
149-Paper0796	Denoising of 3D MR images using a voxel-wise hybrid residual MLP-CNN model to improve small lesion diagnostic confidence	41	48	26	40	22	38	31	33	25	31	9	21	50	48	76	61	29	5
150-Paper0632	DentalPointNet: Landmark Localization on High-Resolution 3D Digital Dental Models	66	60	73	94	21	64	105	250	61	28	4	38	94	2	152	35	2	51
151-Paper0408	DeSD: Self-Supervised Learning with Deep Self-Distillation for 3D Medical Image Segmentation	15	54	51	7	78	29	211	171	105	17	66	28	8	21	244	33	138	17
152-Paper1127	DeStripe: A Self2Self Spatio-Spectral Graph Neural Network with Unfolded Hessian for Stripe Artifact Removal in Light-sheet Microscopy	47	109	39	55	54	25	32	88	36	12	27	40	354	5	258	74	33	14
153-Paper1579	Detecting Aortic Valve Pathology from the 3-Chamber Cine Cardiac MRI View	47	61	93	73	29	86	7	144	68	41	57	109	58	100	315	31	28	71
154-Paper1426	DEUE: Delta Ensemble Uncertainty Estimation for a More Robust Estimation of Ejection Fraction	45	90	36	50	51	73	46	181	23	27	18	8	121	27	258	16	40	16
155-Paper0164	DGMIL: Distribution Guided Multiple Instance Learning for Whole Slide Image Classification	46	45	51	49	28	53	20	108	185	14	8	26	116	239	55	37	31	40
156-Paper0682	Did You Get What You Paid For? Rethinking Annotation Cost of Deep Learning Based Computer Aided Detection in Chest Radiographs	78	51	127	53	54	91	121	84	115	18	15	21	20	311	471	19	12	42
157-Paper0467	Diffusion Deformable Model for 4D Temporal Medical Image Generation	76	53	94	55	80	40	64	118	41	12	14	58	128	4	173	21	6	84
158-Paper0704	Diffusion Models for Medical Anomaly Detection	35	66	36	44	75	40	81	18	117	7	30	2	54	117	77	28	34	38
159-Paper1952	Digestive Organ Recognition in Video Capsule Endoscopy based on Temporal Segmentation Network	37	43	90	28	58	68	24	221	100	1	11	60	43	6	284	15	105	73
160-Paper1447	Discrepancy and Gradient-guided Multi-Modal Knowledge Distillation for Pathological Glioma Grading	67	55	91	45	85	63	24	45	23	16	24	14	9	224	43	16	41	14
161-Paper0659	Discrepancy-based Active Learning for Weakly Supervised Bleeding Segmentation in Wireless Capsule Endoscopy Images	35	36	33	88	65	43	23	152	51	15	3	9	68	3	262	22	13	37
162-Paper0353	Disentangle then Calibrate: Selective Treasure Sharing for Generalized Rare Disease Diagnosis	55	54	73	17	23	71	7	50	198	15	44	42	79	83	110	11	15	69
163-Paper2193	DisQ: Disentangling Quantitative MRI Mapping of the Heart	30	102	42	88	88	15	236	71	14	37	45	11	17	552	198	17	41	19
164-Paper0323	Distilling Knowledge from Topological Representations for Pathological Complete Response Prediction	22	96	86	21	98	70	23	303	238	53	20	1	351	4	86	5	48	70
165-Paper1029	Domain Adaptive Mitochondria Segmentation via Enforcing Inter-Section Consistency	42	47	143	26	42	57	38	123	31	41	4	37	71	141	643	68	85	56
166-Paper1242	Domain Adaptive Nuclei Instance Segmentation and Classification via Category-aware Feature Alignment and Pseudo-labelling	49	43	8	43	43	17	49	108	67	39	8	6	116	84	67	21	56	1
167-Paper0127	Domain Specific Convolution and High Frequency Reconstruction based Unsupervised Domain Adaptation for Medical Image Segmentation	89	46	82	71	60	95	111	42	77	1	10	18	66	3	75	3	15	16
168-Paper1315	Domain-Adaptive 3D Medical Image Synthesis: An Efficient Unsupervised Approach	36	105	66	39	53	46	42	90	146	10	34	31	28	301	653	29	17	47
169-Paper0992	Domain-Prior-Induced Structural MRI Adaptation for Clinical Progression Prediction of Subjective Cognitive Decline	65	47	29	25	37	33	34	72	1	1	16	18	174	45	30	19	16	18
170-Paper1693	DOMINO: Domain-aware Model Calibration in Medical Image Segmentation	83	15		88	17		1	88		60	1		103	73		78	30	
171-Paper0021	Double-Uncertainty Guided Spatial and Temporal Consistency Regularization Weighting for Learning-based Abdominal Registration	74	29	89	30	27	49	57	27	52	62	11	27	62	161	53	18	30	29
172-Paper1456	DRGen: Domain Generalization in Diabetic Retinopathy Classification	62	53	56	34	7	58	62	7	151	6	1	50	66	44	221	9	8	54
173-Paper1510	DS3-Net: Difficulty-perceived Common-to-T1ce Semi-Supervised Multimodal MRI Synthesis Network	49	97	49	45	54	72	23	59	130	251	31	14	1	62	90	66	29	39
174-Paper0950	DSP-Net: Deeply-Supervised Pseudo-Siamese Network for Dynamic Angiographic Image Matching	30	38	25	45	54	25	26	25	13	8	46	12	56	116	24	54	60	10
175-Paper1389	DSR: Direct Simultaneous Registration for Multiple 3D Images	46	48	91	41	15	15	158	16	6	35	28	7	114	114	179	19	33	8
176-Paper0333	Dual-Branch Squeeze-Fusion-Excitation Module for Cross-Modality Registration of Cardiac SPECT and CT	72	83	38	27	110	38	11	131	44	16	15	22	135	56	159	42	56	22
177-Paper0838	Dual-Distribution Discrepancy for Anomaly Detection in Chest X-Rays	63	39	38	58	56	51	185	131	214	18	19	10	41	131	22	78	29	23
178-Paper1476	Dual-graph Learning Convolutional Networks for Interpretable Alzheimer's Disease Diagnosis	22	35	66	35	22	101	12	43	66	10	6	11	34	146	2	16	32	2
179-Paper1430	Dual-HINet: Dual Hierarchical Integration Network of Multigraphs for Connectional Brain Template Learning	28	63	76	12	34	18	66	16	195	1	47	17	109	213	7	20	15	31
180-Paper1066	DuDoCAF: Dual-Domain Cross-Attention Fusion with Recurrent Transformer for Fast Multi-contrast MR Imaging	31	70	30	42	64	25	84	63	101	25	8	3	225	115	153	29	11	5
181-Paper0434	Dynamic Bank Learning for Semi-supervised Federated Image Diagnosis with Class Imbalance	44	63	75	26	53	25	42	36	18	32	18	19	116	285	209	9	16	54
182-Paper2304	EchoCoTr: Estimation of the Left Ventricular Ejection Fraction from Spatiotemporal Echocardiography	83	124	25	28	49	69	28	47	61	18	32	77	148	98	242	16	29	31
183-Paper1732	EchoGNN: Explainable Ejection Fraction Estimation with Graph Neural Networks	80	87	102	97	137	129	121	173	41	21	79	38	113	168	160	32	41	59
184-Paper0300	Edge-oriented Point-cloud Transformer for 3D Intracranial Aneurysm Segmentation	67	93	66	80	39	32	68	109	168	25	32	25	48	115	45	41	9	4
185-Paper1159	Effective Opportunistic Esophageal Cancer Screening using Noncontrast CT Imaging	105	71	31	111	16	82	69	290	52	45	45	23	37	298	33	44	18	7
186-Paper2172	Efficient Bayesian Uncertainty Estimation for nnU-Net	14	38	55	15	25	53	22	10	182	3	4	3	34	5	64	9	52	73
187-Paper0368	Efficient Biomedical Instance Segmentation via Knowledge Distillation	26	69	58	27	28	37	25	2	61	3	11	38	14	33	31	13	13	40
188-Paper2377	Efficient population based hyperparameter scheduling for medical image segmentation	66	87	41	25	13	36	183	81	76	13	11	14	130	145	38	28	74	23
189-Paper2746	Electron Microscope Image Registration using Laplacian Sharpening Transformer U-Net	45	86	66	31	52	20	73	201	46	26	39	19	58	335	123	12	32	39
190-Paper0420	Embedding Gradient-based Optimization in Image Registration Networks	91	10	64	41	60	127	55	270	145	24	39	59	16	58	121	18	37	34
191-Paper1872	Embedding Human Brain Function via Transformer	47	53	109	18	30	41	28	102	17	7	4	20	64	113	219	35	16	25
192-Paper1262	End-to-End cell recognition by point annotation	30	37	27	15	45	37	78	4	32	8	12	20	31	40	117	3	30	14
193-Paper0791	End-to-End Evidential-Efficient Net for Radiomics Analysis of Brain MRI to Predict Oncogene Expression and Overall Survival	49	23	143	48	28	53	55	114	60	38	10	25	42	21	321	35	11	33
194-Paper0506	End-to-end Learning for Image-based Detection of Molecular Alterations in Digital Pathology	73	51	39	41	5	27	46	121	107	43	22	7	23	27	31	18	17	15
195-Paper2010	End-to-end Multi-Slice-to-Volume Concurrent Registration and Multimodal Generation	50	40	82	23	5	53	38	21	59	20	11	39	59	221	193	23	31	110
196-Paper1271	End-to-End Segmentation of Medical Images via Patch-wise Polygons Prediction	51	29	33	24	36	52	223	64	28	20	49	39	262	64	92	25	18	45
197-Paper2651	Enforcing connectivity of 3D linear structures using their 2D projections	58	26	30	44	34	30	78	5	149	13	54	14	83	46	173	23	23	20
198-Paper1940	Enhancing model generalization for substantia nigra segmentation using a test-time normalization-based method	78	91	63	36	206	44	60	1	102	12	93	19	77	75	72	12	107	44
199-Paper1749	Ensembled Prediction of Rheumatic Heart Disease from Ungated Doppler Echocardiography Acquired in Low-Resource Settings	39	84	123	52	50	90	16	10	215	81	7	41	716	9	135	44	11	45
200-Paper0439	Estimating Model Performance under Domain Shifts with Class-Specific Confidence Scores	19	59	61	7	90	95	150	234	119	7	28	4	32	34	141	10	22	26
201-Paper1563	Evidence fusion with contextual discounting for multi-modality medical image segmentation	26	48	44	25	32	24	10	55	21	9	25	16	96	78	141	36	16	13
202-Paper0960	Evolutionary Multi-objective Architecture Search Framework: Application to COVID-19 3D CT Classification	42	66	71	38	37	28	104	87	104	12	17	9	64	63	151	170	39	8
203-Paper1856	Explainable Contrastive Multiview Graph Representation of Brain, Mind, and Behavior	17	35	26	13	30	25	54	169	21	21	1	11	84	234	65	57	5	8
204-Paper2558	Explaining Chest X-ray Pathologies in Natural Language	35	73	67	26	29	91	137	110	79	24	11	15	7	110	11	39	37	16
205-Paper0081	Exploring Smoothness and Class-Separation for Semi-supervised Medical Image Segmentation	35	69	33	28	62	19	70	212	20	16	7	14	215	25	162	45	21	14
206-Paper2742	Extended Electrophysiological Source Imaging with Spatial Graph Filters	50	46	20	35	39	12	45	64	117	32	56	9	137	269	16	3	58	38
207-Paper2316	FairPrune: Achieving Fairness Through Pruning for Dermatological Disease Diagnosis	55	74	65	36	77	36	19	212	12	11	18	69	127	88	483	9	62	52
208-Paper2313	Fast Automatic Liver Tumor Radiofrequency Ablation Planning via Learned Physics Model	16	50	20	52	107	42	49	82	65	27	22	27	83	186	140	7	28	14
209-Paper2730	Fast FF-to-FFPE Whole Slide Image Translation via Laplacian Pyramid and Contrastive Learning	24	26	59	39	36	53	66	103	129	22	19	8	63	92	251	26	8	15
210-Paper2428	Fast Spherical Mapping of Cortical Surface Meshes using Deep Unsupervised Learning	69	35	47	50	12	47	4	6	21	2	2	8	487	115	25	4	5	20
211-Paper1680	Fast Unsupervised Brain Anomaly Detection and Segmentation with Diffusion Models	109	50	58	61	72	87	53	53	480	2	1	55	143	93	270	3	22	104
212-Paper2777	Feature Re-calibration based Multiple Instance Learning for Whole Slide Image Classification	40	73	67	19	27	75	20	90	35	22	4	7	21	47	57	12	4	10
213-Paper2407	Feature robustness and sex differences in medical imaging: a case study in MRI-based Alzheimer's disease detection	30	84	65	14	11	55	14	56	90	11	17	34	107	91	78	15	40	23
214-Paper2425	Federated Medical Image Analysis with Virtual Sample Synthesis	48	67	32	23	50	76	32	52	67	15	26	16	66	18	87	15	21	55
215-Paper0107	Federated Stain Normalization for Computational Pathology	27	25	61	84	22	191	227	105	53	26	21	48	105	105	184	34	5	80
216-Paper1639	FedHarmony: Unlearning Scanner Bias with Distributed Data	87	37	31	153	29	22	157	211	112	40	2	14	74	52	20	77	17	39
217-Paper0905	Few-shot Generation of Personalized Neural Surrogates for Cardiac Simulation via Bayesian Meta-Learning	26	37	41	37	23	14	17	60	126	22	27	17	26	84	38	20	21	11
218-Paper0176	Few-shot Medical Image Segmentation Regularized with Self-reference and Contrastive Learning	46	43	47	35	67	38	338	140	43	12	30	29	92	187	161	15	49	42
219-Paper0530	FFCNet: Fourier Transform-Based Frequency Learning and Complex Convolutional Network for Colon Disease Classification	60	20	40	34	63	66	51	131	144	8	3	5	82	56	2	25	31	65
220-Paper1280	Fine-grained Correlation Loss for Regression	44	88	123	27	50	141	43	24	280	4	100	24	23	357	28	27	11	20
221-Paper0464	Flat-aware Cross-stage Distilled Framework for Imbalanced Medical Image Classification	61	46	34	37	19	63	8	24	311	1	20	23	2	131	2	8	22	13
222-Paper0166	Flexible Sampling for Long-tailed Skin Lesion Classification	82	75	67	30	93	54	34	22	78	1	1	36	153	48	149	23	10	16
223-Paper1037	fMRI Neurofeedback Learning Patterns are Predictive of Personal and Clinical Traits	22	43	17	11	37	25	73	39	15	13	12	2	30	41	57	19	6	12
224-Paper0656	Free Lunch for Surgical Video Understanding by Distilling Self-Supervisions	151	85	91	120	63	24	330	119	20	55	14	50	566	69	185	99	16	30
225-Paper1550	Frequency-Aware Inverse-Consistent Deep Learning for OCT-Angiogram Super-Resolution	42	35	78	25	38	22	118	102	21	13	18	15	46	79	177	12	12	33
226-Paper2446	From Images to Probabilistic Anatomical Shapes: A Deep Variational Bottleneck Approach	20	25	54	62	22	36	5	33	89	39	7	3	51	64	61	44	12	71
227-Paper2489	FSE Compensated Motion Correction for MRI Using Data Driven Methods	26	20	74	37	5	62	94	24	25	2	13	1	31	16	15	15	14	21
228-Paper2619	Fusing Modalities by Multiplexed Graph Neural Networks for Outcome Prediction in Tuberculosis	73	67	39	70	220	48	56	234	15	54	151	23	59	119	29	32	42	53
229-Paper0029	FUSSNet: Fusing Two Sources of Uncertainty for Semi-Supervised Medical Image Segmentation	51	61	74	30	47	94	28	128	151	20	24	95	539	101	396	26	28	131
230-Paper0398	GaitForeMer: Self-Supervised Pre-Training of Transformers via Human Motion Forecasting for Few-Shot Gait Impairment Severity Estimation	40	82	28	70	51	8	75	50	35	23	21	1	85	53	112	18	18	19
231-Paper2241	GazeRadar: A Gaze and Radiomics-guided Disease Localization Framework	15	43	54	13	54	54	18	23	28	1	14	41	74	17	60	15	17	6
232-Paper2084	Geometric Constraints for Self-supervised Monocular Depth Estimation on Laparoscopic Images with Dual-task Consistency	60	33	56	73	68	67	40	165	131	27	25	9	320	586	35	50	73	46
233-Paper1173	Gigapixel Whole-Slide Images Classification using Locally Supervised Learning	54	50	28	79	27	26	237	112	114	2	4	16	110	35	114	15	36	6
234-Paper1622	Global Multi-modal 2D/3D Registration via Local Descriptors Learning	154	37	19	51	40	6	172	49	17	18	23	15	112	51	166	12	27	10
235-Paper1165	GradMix for nuclei segmentation and classification in imbalanced pathology image datasets	23	28	50	29	53	113	93	107	42	11	34	16	72	334	104	29	15	107
236-Paper0770	Graph convolutional network with probabilistic spatial regression: application to craniofacial landmark detection from 3D photogrammetry	34	114	133	11	173	13	18	162	145	27	16	13	55	61	34	13	45	145
237-Paper0826	Graph Emotion Decoding from Visually Evoked Neural Responses	67	42	20	64	21	29	139	21	55	27	1	6	66	237	3	83	22	18
238-Paper1499	Graph-based Compression of Incomplete 3D Photoacoustic Data	26	30	32	43	31	33	77	107	58	19	9	9	190	252	118	19	17	11
239-Paper1645	Greedy Optimization of Electrode Arrangement for Epiretinal Prostheses	44	36	24	51	32	64	64	45	202	5	11	1	35	83	3	11	31	32
240-Paper1177	Hand Hygiene Quality Assessment using Image-to-Image Translation	49	65	40	71	16	55	31	201	57	27	15	29	183	227	10	19	28	40
241-Paper2141	Harnessing Deep Bladder Tumor Segmentation with Logical Clinical Knowledge	50	21	58	46	28	20	22	59	228	20	54	1	39	87	81	17	28	15
242-Paper0695	Hierarchical Brain Networks Decomposition via Prior Knowledge Guided Deep Belief Network	71	35	44	62	15	34	50	51	10	10	9	13	163	165	132	57	11	36
243-Paper2461	Histogram-based unsupervised domain adaptation for medical image classification	23	34	49	36	4	45	64	8	3	43	3	10	28	26	10	8	4	15
244-Paper2095	How Much to Aggregate: Learning Adaptive Node-wise Scales on Graphs for Brain Networks	13	43	48	35	87	65	23	187	32	28	19	14	350	10	4	62	15	20
245-Paper0053	Hybrid Graph Transformer for Tissue Microstructure Estimation with Undersampled Diffusion MRI Data	68	99	33	57	61	32	1	22	33	3	23	10	73	73	90	28	25	15
246-Paper1120	Hybrid Spatio-Temporal Transformer Network for Predicting Ischemic Stroke Lesion Outcomes from 4D CT Perfusion Imaging	93	19	37	93	17	51	169	5	106	85	24	23	788	88	189	60	27	18
247-Paper1527	Ideal Midsagittal Plane Detection using Deep Hough Plane Network for Brain Surgical Planning	53	37	41	53	41	54	76	55	122	28	38	4	206	261	57	33	47	26
248-Paper1790	Identification of vascular cognitive impairment in adult moyamoya disease via integrated graph convolutional network	90	19	76	30	22	65	70	35	6	38	7	6	325	330	9	46	14	12
249-Paper1279	Identify Consistent Imaging Genomic Biomarkers for Characterizing the Survival-associated Interactions between Tumor-infiltrating Lymphocytes and Tumors	32	18	40	48	16	57	22	10	1	1	8	7	65	293	27	19	4	75
250-Paper1422	Identifying and Combating Bias in Segmentation Networks by leveraging multiple resolutions	77	44	124	47	35	56	25	14	60	2	53	36	21	287	111	7	44	56
251-Paper2056	Identifying Phenotypic Concepts Discriminating Molecular Breast Cancer Sub-Types	31	53	67	52	34	74	45	17	120	42	12	2	43	104	483	44	37	27
252-Paper0735	Implicit Neural Representations for Generative Modeling of Living Cell Shapes	36	27	50	22	33	49	25	6	119	5	9	43	25	162	87	13	13	31
253-Paper1642	Implicit Neural Representations for Medical Imaging Segmentation	12	12	82	22	19	53	71	12	140	19	4	14	8	64	225	14	10	66
254-Paper0867	Improved Domain Generalization for Cell Detection in Histopathology Images via Test-Time Stain Augmentation	80	79	137	26	84	80	232	132	101	20	8	67	80	59	118	42	36	146
255-Paper2493	Improving Trustworthiness of AI Disease Severity Rating in Medical Imaging with Ordinal Conformal Prediction Sets	54	40	14	50	32	34	179	47	507	14	11	14	4	330	7	11	13	7
256-Paper2533	Incorporating intratumoral heterogeneity into weakly-supervised deep learning models via variance pooling	45	70	79	11	69	134	1	70	71	2	15	11	177	137	12	11	49	14
257-Paper0284	INSightR-Net: Interpretable Neural Network for Regression using Similarity-based Comparisons to Prototypical Examples	43	79	35	47	29	19	43	83	29	4	3	16	40	30	23	31	16	28
258-Paper0807	InsMix: Towards Realistic Generative Data Augmentation for Nuclei Instance Segmentation	58	14	80	47	14	76	23	24	91	10	14	9	31	145	5	13	13	18
259-Paper0939	Instrument-tissue Interaction Quintuple Detection in Surgery Videos	62	137	30	36	114	7	437	73	4	92	24	11	39	50	155	3	137	50
260-Paper0943	Interaction-Oriented Feature Decomposition for Medical Image Lesion Detection	65	91	77	107	38	62	135	103	39	9	30	16	4	56	40	11	42	31
261-Paper2064	Interpretable differential diagnosis for Alzheimer's disease and Frontotemporal dementia	83	91	88	82	14	107	32	67	95	68	25	54	224	106	48	62	33	50
262-Paper0324	Interpretable Graph Neural Networks for Connectome-Based Brain Disorder Analysis	27	65	60	35	21	46	60	27	75	9	19	9	21	3	45	13	8	33
263-Paper2611	Interpretable Modeling and Reduction of Unknown Errors in Mechanistic Operators	75	7	38	68	9	14	311	25	17	57	5	13	777	97	3	122	18	17
264-Paper0742	Interpretable signature of consciousness in resting-state functional network brain activity	33	23	25	33	32	90	132	116	1	2	5	50	26	116	113	3	12	38
265-Paper1987	Intervention & Interaction Federated Abnormality Detection with Noisy Clients	51	45	105	42	71	176	2	72	272	2	4	52	15	119	245	15	36	52
266-Paper1938	Intra-class Contrastive Learning Improves Computer Aided Diagnosis of Breast Cancer in Mammography	48	28	24	25	40	49	13	54	23	45	10	12	182	12	60	17	8	14
267-Paper1542	Invertible Sharpening Network for MRI Reconstruction Enhancement	37	28	42	24	41	86	81	27	27	30	14	21	195	22	63	27	23	25
268-Paper2202	Is a PET all you need? A multi-modal study for Alzheimer's disease using 3D CNNs	35	32	56	37	34	45	13	15	74	9	10	16	73	44	101	35	33	13
269-Paper1711	iSegFormer: Interactive Segmentation via Transformers with Application to 3D Knee MR Images	31	154	92	18	209	64	66	118	156	6	192	11	42	550	227	11	81	22
270-Paper0679	Joint Class-Affinity Loss Correction for Robust Medical Image Segmentation with Noisy Labels	48	91	50	23	85	40	100	171	44	10	33	9	104	109	44	56	64	18
271-Paper0179	Joint Graph Convolution for Analyzing Brain Structural and Functional Connectome	14	62	26	27	26	20	65	66	91	3	10	92	4	79	137	11	26	21
272-Paper1464	Joint Modeling of Image and Label Statistics for Enhancing Model Generalizability of Medical Image Segmentation	88	89	74	86	27	62	93	12	182	28	17	11	96	60	318	45	15	47
273-Paper1557	Joint Prediction of Meningioma Grade and Brain Invasion via Task-Aware Contrastive Learning	108	54	106	54	57	13	218	298	25	48	41	20	103	200	123	38	80	34
274-Paper2040	Joint Region-Attention and Multi-Scale Transformer for Microsatellite Instability Detection from Whole Slide Images in Gastrointestinal Cancer	20	75	45	8	167	33	84	75	1	11	44	7	149	107	1	16	55	5
275-Paper1974	Kernel Attention Transformer (KAT) for Histopathology Whole Slide Image Classification	34	77	42	51	48	87	99	50	39	27	7	30	3	255	34	46	73	54
276-Paper0419	Key-frame Guided Network for Thyroid Nodule Recognition using Ultrasound Videos	114	33	62	59	19	48	70	24	102	52	38	34	101	161	102	16	30	26
277-Paper0584	Knowledge Distillation to Ensemble Global and Interpretable Prototype-based Mammogram Classification Models	48	41	36	11	36	116	5	28	134	7	27	41	17	63	73	24	22	10
278-Paper2211	Landmark-free Statistical Shape Modeling via Neural Flow Deformations	25	66	13	5	90	39	5	139	39	1	36	24	52	29	36	12	20	41
279-Paper1397	Layer Ensembles: A Single-Pass Uncertainty Estimation in Deep Learning for Segmentation	33	60	14	26	46	29	37	287	131	2	8	13	64	63	94	11	30	19
280-Paper1555	Learn to Ignore: Domain Adaptation for Multi-Site MRI Analysis	88	106	49	53	26	82	36	103	74	18	8	16	131	7	20	33	36	8
281-Paper1959	Learning Incrementally to Segment Multiple Organs in a CT Image	63	54	78	153	49	62	295	71	25	8	1	40	37	8	228	44	20	29
282-Paper2474	Learning iterative optimisation for deformable image registration of lung CT with recurrent convolutional networks	62	22	18	161	41	29	148	126	37	4	2	10	96	89	32	2	13	20
283-Paper0492	Learning Robust Representation for Joint Grading of Ophthalmic Diseases via Adaptive Curriculum and Feature Disentanglement	94	53	37	67	27	29	40	8	13	18	8	13	69	84	7	42	15	26
284-Paper1319	Learning self-calibrated optic disc and cup segmentation from multi-rater annotations	57	60	52	100	74	15	9	53	48	17	37	10	25	132	232	30	33	43
285-Paper2366	Learning shape distributions from large databases of healthy organs: applications to zero-shot and few-shot abnormal pancreas detection	33	17	62	38	9	92	14	34	10	43	3	40	11	4	27	25	12	70
286-Paper1507	Learning towards Synchronous Network Memorizability and Generalizability for Continual Segmentation across Multiple Sites	34	52	57	63	40	49	118	113	6	31	2	5	184	42	70	34	44	56
287-Paper0967	Learning Tumor-Induced Deformations to Improve Tumor-Bearing Brain MR Segmentation	114	79	149	32	20	76	80	86	159	60	16	28	292	57	63	28	25	29
288-Paper1591	Learning Underrepresented Classes from Decentralized Partially Labeled Medical Images	39	51	46	26	37	61	21	38	93	11	11	8	116	117	5	18	17	5
289-Paper1723	Learning with Context Encoding for Single-Stage Cranial Bone Labeling and Landmark Localization	19	77	78	31	14	153	159	76	25	7	15	52	2	17	68	14	76	37
290-Paper2333	Learning-based and unrolled motion-compensated reconstruction for cardiac MR CINE imaging	35	38	40	33	33	96	60	9	30	28	1	26	19	40	55	9	12	25
291-Paper0256	Learning-based US-MR Liver Image Registration with Spatial Priors	35	35	90	42	77	0	44	108	1	3	14	9	189	10	1	8	9	26
292-Paper1034	Lesion Guided Explainable Few Weak-shot Medical Report Generation	75	92	41	33	182	35	312	116	26	27	11	18	64	6	47	15	23	10
293-Paper1939	Lesion-Aware Contrastive Representation Learning for Histopathology Whole Slide Images Analysis	21	68	60	45	32	60	130	144	51	11	7	14	2	206	59	26	20	8
294-Paper0847	Lesion-aware Dynamic Kernel for Polyp Segmentation	40	70	39	68	22	30	81	43	105	49	31	8	202	5	267	27	26	13
295-Paper0586	Less is More: Adaptive Curriculum Learning for Thyroid Nodule Diagnosis	74	32	54	67	9	35	36	5	77	29	8	26	73	169	14	9	8	32
296-Paper1674	Leveraging Labeling Representations in Uncertainty-based Semi-supervised Segmentation	74	30	66	85	30	38	62	28	79	13	1	5	145	155	6	76	30	30
297-Paper2800	LIDP: A Lung Image Dataset with Pathological Information for Lung Cancer Screening	147	43	32	28	73	108	125	107	115	27	31	44	41	328	120	69	54	68
298-Paper2088	LifeLonger: A Benchmark for Continual Disease Classification	38	58	53	32	26	100	93	44	386	33	7	7	236	135	404	41	30	50
299-Paper0447	LiftReg: Limited Angle 2D/3D Deformable Registration	21	112	19	47	122	12	33	131	55	38	39	1	36	102	51	31	40	23
300-Paper2336	Light-weight spatio-temporal graphs for segmentation and ejection fraction prediction in cardiac ultrasound	43	106	53	28	113	26	52	197	19	11	38	40	134	132	246	17	37	85
301-Paper2383	Local Attention Graph-based Transformer for Multi-target Genetic Alteration Prediction	33	37	26	39	66	33	44	24	1	14	16	7	29	136	1	21	17	5
302-Paper0578	Local Graph Fusion of Multi-View MR Images for Knee Osteoarthritis Diagnosis	91	90	64	52	48	72	145	73	1	18	9	15	12	88	87	25	28	30
303-Paper0919	Localizing the Recurrent Laryngeal Nerve via Ultrasound with a Bayesian Shape Framework	37	29	51	38	59	63	14	58	170	9	23	43	14	58	43	14	59	20
304-Paper1059	Local-Region and Cross-Dataset Contrastive Learning for Retinal Vessel Segmentation	83	29	79	96	14	108	36	87	285	18	11	19	25	80	135	28	47	31
305-Paper1649	Longitudinal Infant Functional Connectivity Prediction via Conditional Intensive Triplet Network	39	45	13	75	34	16	263	11	39	73	14	26	95	26	108	25	38	32
306-Paper2874	Long-tailed Multi-label Retinal Diseases Recognition via Relational Learning and Knowledge Distillation	72	59	81	35	13	32	22	67	279	12	24	27	15	72	7	6	58	41
307-Paper1411	Low-Dose CT Reconstruction via Dual-Domain Learning and Controllable Modulation	71	32	14	49	27	36	277	22	11	102	8	14	312	36	82	51	22	34
308-Paper0125	Low-Resource Adversarial Domain Adaptation for Cross-Modality Nucleus Detection	41	88	61	39	91	31	131	355	10	11	38	26	22	242	75	154	49	126
309-Paper2658	LSSANet: A Long Short Slice-Aware Network for Pulmonary Nodule Detection	34	42		14	27		53	45		20	7		97	30		59	8	
310-Paper0217	MAL: Multi-modal attention learning for tumor diagnosis based on bipartite graph and multiple branches	43	73	31	35	34	57	54	183	29	24	5	9	139	289	13	4	33	22
311-Paper2233	MaNi: Maximizing Mutual Information for Nuclei Cross-Domain Unsupervised Segmentation	65	54	45	81	36	93	197	141	75	53	15	10	298	38	5	20	10	27
312-Paper2849	Mapping in Cycles: Dual-Domain PET-CT Synthesis Framework with Cycle-Consistent Constraints	120	45	59	115	33	26	343	26	22	38	10	8	172	2	259	145	34	47
313-Paper0549	Mask Rearranging Data Augmentation for 3D Mitochondria Segmentation	92	33	119	114	36	69	86	137	206	152	41	97	83	42	761	30	20	37
314-Paper0438	MaxStyle: Adversarial Style Composition for Robust Medical Image Segmentation	61	11	48	70	39	44	38	46	22	39	16	10	30	55	42	17	53	44
315-Paper0755	MCP-Net: Inter-frame Motion Correction with Patlak Regularization for Whole-body Dynamic PET	60	97	56	71	115	43	216	130	42	15	16	1	11	201	41	53	46	16
316-Paper1909	Measurement-conditioned Denoising Diffusion Probabilistic Model for Under-sampled Medical Image Reconstruction	34	20	28	48	19	16	83	13	79	12	2	32	27	68	46	32	14	40
317-Paper1138	Mesh-based 3D Motion Tracking in Cardiac MRI using Deep Learning	31	61	41	47	85	61	88	41	52	2	22	7	23	171	320	10	54	51
318-Paper0422	Meta-hallucinator: Towards few-shot cross-modality cardiac image segmentation	69	35	32	35	61	35	158	71	79	12	6	12	75	13	12	25	8	16
319-Paper2696	MIRST-DM: Multi-Instance RST with Drop-Max Layer for Robust Classification of Breast Cancer	28	56	54	20	51	38	39	88	76	4	15	28	54	2	269	12	38	47
320-Paper1972	Mixed Reality and Deep Learning for External Ventricular Drainage Placement: a Fast and Automatic Workflow for Emergency Treatments	59	36	15	31	25	10	24	31	25	20	7	17	84	43	211	10	44	13
321-Paper0363	mmFormer: Multimodal Medical Transformer for Incomplete Multimodal Learning of Brain Tumor Segmentation	37	103	45	43	61	29	84	73	202	5	95	8	44	479	55	31	108	10
322-Paper0649	Modality-adaptive Feature Interaction for Brain Tumor Segmentation with Missing Modalities	31	50	61	48	64	37	60	140	20	41	1	10	33	47	86	62	14	12
323-Paper1690	ModDrop++: A Dynamic Filter Network with Intra-subject Co-training for Multiple Sclerosis Lesion Segmentation with Missing Modalities	63	50	45	77	103	73	298	133	23	10	7	32	97	166	60	50	24	19
324-Paper1665	Modelling Cycles in Brain Networks with the Hodge Laplacian	132	76	122	28	43	59	294	8	73	19	14	1	2	92	98	39	17	78
325-Paper0964	Momentum Contrastive Voxel-wise Representation Learning for Semi-supervised Volumetric Medical Image Segmentation	73	63	29	58	69	27	424	130	77	28	23	7	35	7	167	29	53	21
326-Paper2100	Morphology-Aware Interactive Keypoint Estimation	68	101	75	96	80	48	167	139	91	25	48	49	96	136	904	59	45	101
327-Paper2818	Moving from 2D to 3D: volumetric medical image classification for rectal cancer staging	54	50	36	49	25	18	43	193	183	17	1	116	172	15	67	34	7	30
328-Paper2326	MRI Reconstruction by Completing Under-sampled K-space Data with Learnable Fourier Interpolation	81	46	115	122	11	64	72	74	66	8	4	251	82	398	113	39	42	50
329-Paper1984	mulEEG: A Multi-View Representation Learning on EEG Signals	10	32	23	5	26	18	16	29	8	9	6	12	202	8	25	23	8	18
330-Paper0876	Multidimensional Hypergraph on Delineated Retinal Features for Pathological Myopia Task.	58	44	129	58	75	39	62	185	127	20	15	25	42	31	107	38	27	37
331-Paper1289	Multi-head Attention-based Masked Sequence Model for Mapping Functional Brain Networks	115	91	25	117	51	53	218	154	113	79	8	21	327	201	341	18	15	61
332-Paper2758	Multi-institutional Investigation of Model Generalizability for Virtual Contrast-enhanced MRI Synthesis	45	74	48	27	74	28	70	60	59	2	226	2	137	28	66	5	28	94
333-Paper0373	Multimodal Brain Tumor Segmentation Using Contrastive Learning based Feature Comparison with Monomodal Normal Brain Images	102	124	151	53	83	93	121	176	30	12	96	9	140	622	380	40	74	41
334-Paper1961	Multimodal Contrastive Learning for Prospective Personalized Estimation of CT Organ Dose	70	162	54	20	38	20	98	223	48	31	34	13	33	55	234	29	30	38
335-Paper2386	Multi-Modal Hypergraph Diffusion Network with Dual Prior for Alzheimer Classification	52	45	40	66	88	13	147	259	44	8	12	9	5	13	52	20	8	38
336-Paper1841	Multi-Modal Masked Autoencoders for Medical Vision-and-Language Pre-Training	78	78	45	62	20	73	4	86	114	13	4	1	86	16	24	40	53	32
337-Paper1488	Multi-modal Retinal Image Registration Using a Keypoint-Based Vessel Structure Aligning Network	26	50	32	40	77	15	39	196	14	6	44	4	170	191	101	20	73	14
338-Paper1274	Multi-Modal Unsupervised Pre-Training for Surgical Operating Room Workflow Analysis	48	75	33	12	59	15	23	101	149	23	8	29	212	77	80	26	7	23
339-Paper1682	Multimodal-GuideNet: Gaze-Probe Bidirectional Guidance in Obstetric Ultrasound Scanning	108	102	31	39	171	52	42	37	33	22	3	22	37	48	23	30	28	22
340-Paper0966	Multiple Instance Learning with Mixed Supervision in Gleason Grading	50	32	59	25	49	40	28	65	63	20	4	27	46	58	286	35	23	51
341-Paper0404	Multi-scale Super-resolution Magnetic Resonance Spectroscopic Imaging with Adjustable Sharpness	74	27	50	78	39	49	268	107	25	25	32	12	104	84	60	16	7	41
342-Paper1789	Multiscale Unsupervised Retinal Edema Area Segmentation in OCT Images	60	75	41	10	47	20	29	61	37	2	29	18	69	42	288	8	39	45
343-Paper2517	Multi-site Normative Modeling of Diffusion Tensor Imaging Metrics Using Hierarchical Bayesian Regression	96	18	70	56	38	146	103	25	253	54	13	9	137	76	9	82	15	10
344-Paper0613	Multi-Task Lung Nodule Detection in Chest Radiographs with a Dual Head Network	39	13	62	32	58	58	54	34	33	6	48	17	27	20	322	35	44	71
345-Paper2559	Multi-task video enhancement for dental interventions	58	45	43	59	59	21	130	84	46	15	19	6	340	19	4	29	15	4
346-Paper1336	Multi-TransSP: Multimodal Transformer for Survival Prediction of Nasopharyngeal Carcinoma Patients	25	43	68	21	15	82	81	21	159	10	12	35	54	124	121	15	35	49
347-Paper0568	Multi-view Local Co-occurrence and Global Consistency Learning Improve Mammogram Classification Generalisation	31	63	68	12	86	39	12	110	37	1	24	18	91	59	32	10	21	73
348-Paper0534	MUSCLE: Multi-task Self-supervised Continual Learning to Pre-train Deep Models for X-ray Images of Multiple Body Parts	53	63	139	49	43	27	121	38	102	25	14	27	2	42	58	14	12	34
349-Paper0974	NAF: Neural Attenuation Fields for Sparse-View CBCT Reconstruction	73	40	9	53	63	17	280	62	22	19	30	6	59	2	49	60	43	35
350-Paper0929	NerveFormer: A Cross-Sample Aggregation Network for Corneal Nerve Segmentation	38	28	34	9	33	65	326	16	178	28	24	22	4	216	151	13	44	11
351-Paper0436	NestedFormer: Nested Modality-Aware Transformer for Brain Tumor Segmentation	44	62	30	22	44	19	40	40	16	4	30	24	40	21	152	37	30	19
352-Paper0117	Neural Annotation Refinement: Development of a New 3D Dataset for Adrenal Gland Analysis	14	50	25	35	53	70	106	133	253	12	4	22	6	198	241	21	12	63
353-Paper1091	Neural Rendering for Stereo 3D Reconstruction of Deformable Tissues in Robotic Surgery	145	66	65	83	37	80	353	72	55	11	15	12	44	255	55	19	37	57
354-Paper0240	Neuro-RDM: An Explainable Neural Network Landscape of Reaction-Diffusion Model for Cognitive Task Recognition	85	33	105	73	17	62	289	19	210	4	31	37	190	177	343	45	101	42
355-Paper2027	Noise transfer for unsupervised domain adaptation of retinal OCT images	104	50	42	21	47	72	40	158	12	9	10	25	373	23	100	47	60	83
356-Paper0041	Noise2SR: Learning to Denoise from Super-Resolved Single Noisy Fluorescence Image	76	49	70	31	111	10	29	29	58	14	14	17	56	54	69	83	40	83
357-Paper1103	Non-iterative Coarse-to-fine Registration based on Single-pass Deep Cumulative Learning	76	35	74	19	28	46	16	228	41	15	6	10	134	42	55	33	46	12
358-Paper0915	Nonlinear Conditional Time-varying Granger Causality of Task fMRI via Deep Stacking Networks and Adaptive Convolutional Kernels	55	66	79	20	70	24	87	162	139	15	46	13	545	84	4	63	42	41
359-Paper0984	Nonlinear Regression of Remaining Surgical Duration via Bayesian LSTM-based Deep Negative Correlation Learning	49	65	21	118	119	33	85	113	47	29	163	12	92	696	65	49	84	38
360-Paper0560	NVUM: Non-Volatile Unbiased Memory for Robust Medical Image Classification	42	51	58	23	46	131	110	92	188	19	10	39	131	48	71	23	14	37
361-Paper2729	On Surgical Planning of Percutaneous Nephrolithotomy with Patient-Specific CTRs	64	70	33	80	20	8	78	50	32	47	52	11	31	391	50	31	50	6
362-Paper0175	On the Dataset Quality Control for Image Registration Evaluation	66	37	123	95	27	104	173	135	97	68	4	29	404	6	140	21	33	16
363-Paper1718	On the Uncertain Single-View Depths in Colonoscopies	54	43	36	86	39	16	239	15	47	99	7	16	201	88	253	83	29	33
364-Paper0816	One-Shot Segmentation of Novel White Matter Tracts via Extensive Data Augmentation	83	93	17	25	79	42	63	26	37	56	53	1	227	136	96	36	68	42
365-Paper0658	Online Easy Example Mining for Weakly-supervised Gland Segmentation from Histology Images	65	29	85	28	41	93	296	52	92	3	11	12	104	47	127	57	9	68
366-Paper1267	Online Reflective Learning for Robust Medical Image Segmentation	69	33	59	41	59	60	361	60	243	16	15	6	10	145	52	46	28	44
367-Paper1419	OnlyCaps-Net, a capsule only based neural network for 2D and 3D semantic segmentation	93	41	79	33	22	34	60	40	57	4	17	8	16	54	140	32	21	46
368-Paper0347	Only-Train-Once MR Fingerprinting for Magnetization Transfer Contrast Quantification	52	20	56	136	39	31	11	138	10	14	6	13	11	58	45	69	42	33
369-Paper1164	Opinions Vary? Diagnosis First!	50	44	40	32	10	33	55	130	129	14	9	9	73	3	72	21	7	23
370-Paper2723	Opportunistic Incidence Prediction of Multiple Chronic Diseases from Abdominal CT Imaging Using Multi-Task Learning	125	65	19	89	62	89	122	71	38	19	24	46	15	65	52	21	45	57
371-Paper0303	Optimal MRI Undersampling Patterns for Pathology Localization	19	60	41	13	51	69	25	21	36	4	16	17	43	91	50	76	15	44
372-Paper0371	Optimal Transport based Ordinal Pattern Tree Kernel for Brain Disease Diagnosis	34	68	59	59	20	50	12	125	80	15	16	4	12	47	64	18	10	21
373-Paper0654	ORF-Net: Deep Omni-supervised Rib Fracture Detection from Chest CT Scans	59	123	75	103	46	53	177	66	88	9	4	15	31	2	49	23	38	42
374-Paper1581	Orientation-guided Graph Convolutional Network for Bone Surface Segmentation	71	18	56	38	34	69	75	34	49	39	19	49	50	249	157	28	13	55
375-Paper2185	Orientation-Shared Convolution Representation for CT Metal Artifact Learning	17	16	97	69	24	11	19	24	126	19	1	39	23	178	358	2	7	69
376-Paper1923	Out-of-Distribution Detection for Long-tailed and Fine-grained Skin Lesion Images	74	105	71	29	151	52	156	28	49	21	382	39	280	26	207	31	60	35
377-Paper0142	Overlooked Trustworthiness of Saliency Maps	66	96	43	39	45	33	13	85	234	1	16	10	206	75	43	30	64	1
378-Paper0938	Parameter-free latent space transformer for zero-shot bidirectional cross-modality liver segmentation	39	58	55	20	58	79	42	19	236	19	10	58	30	19	154	14	58	162
379-Paper1793	Patcher: Patch Transformers with Mixture of Experts for Precise Medical Image Segmentation	50	27	43	44	29	31	110	11	35	13	8	38	34	14	212	5	13	56
380-Paper1843	Patch-wise Deep Metric Learning for Unsupervised Low-Dose CT Denoising	38	54	32	47	57	49	22	207	108	1	66	10	171	127	29	17	41	42
381-Paper1020	PD-DWI: Predicting response to neoadjuvant chemotherapy in invasive breast cancer with Physiologically-Decomposed Diffusion-Weighted MRI machine-learning model	80	42	47	39	52	148	169	42	167	18	2	28	31	73	83	19	21	38
382-Paper1435	Personalized Diagnostic Tool for Thyroid Cancer Classification using Multi-view Ultrasound	15	54	47	19	103	13	43	63	46	29	46	8	112	74	16	40	15	40
383-Paper2497	Personalized dMRI Harmonization on Cortical Surface	93	14	7	54	25	13	65	25	9	8	4	16	63	98	10	38	15	5
384-Paper0842	PET denoising and uncertainty estimation based on NVAE model using quantile regression loss	22	134	29	38	39	25	70	103	33	37	15	1	52	286	56	17	55	8
385-Paper0844	PHTrans: Parallelly Aggregating Global and Local Representations for Medical Image Segmentation	15	45	67	11	15	46	9	19	62	6	62	8	201	175	72	5	77	38
386-Paper0288	Physically Inspired Constraint for Unsupervised Regularized Ultrasound Elastography	51	56	37	29	23	21	55	73	23	8	1	15	133	25	179	43	3	39
387-Paper0495	Physiological Model based Deep Learning Framework for Cardiac TMP Recovery	41	37	70	43	37	78	146	65	107	44	47	6	91	60	2	12	18	35
388-Paper2184	Physiology-based simulation of the retinal vasculature enables annotation-free segmentation of OCT angiographs	34	89	91	60	29	74	11	51	48	131	6	35	441	53	291	27	43	18
389-Paper0677	Point Beyond Class: A Benchmark for Weakly Semi-Supervised Abnormality Localization in Chest X-Rays	59	31	96	86	55	101	174	49	124	57	20	59	21	42	131	43	34	53
390-Paper0008	Poisson2Sparse: Self-Supervised Poisson Denoising From a Single Image	100	37	61	19	81	68	25	174	120	1	21	2	58	72	100	15	27	8
391-Paper2552	Pose-based Tremor Classification for Parkinson's Disease Diagnosis from Video	72	70	81	23	49	83	58	202	75	33	32	16	24	37	104	13	34	17
392-Paper0672	Position-prior Clustering-based Self-attention Module for Knee Cartilage Segmentation	70	44	34	77	27	37	211	1	29	8	10	10	155	1	34	39	6	33
393-Paper0764	Predicting molecular traits from tissue morphology through self-interactive multi-instance learning	65	53	60	24	24	40	106	30	15	21	1	12	57	148	195	7	10	32
394-Paper1668	Predicting Spatio-Temporal Human Brain Response Using fMRI	18	85	66	79	64	40	212	16	123	16	1	6	11	8	109	21	26	35
395-Paper1700	Privacy Preserving Image Registration	45	14	20	35	8	32	77	85	23	17	5	24	248	11	10	4	8	19
396-Paper0683	ProCo: Prototype-aware Contrastive Learning for Long-tailed Medical Image Classification	63	41	86	51	22	103	128	141	85	22	15	43	4	25	61	24	19	44
397-Paper1110	Prognostic Imaging Biomarker Discovery in Survival Analysis for Idiopathic Pulmonary Fibrosis	25	53	67	15	38	47	1	18	114	2	19	14	18	29	408	21	27	32
398-Paper0362	Progression models for imaging data with Longitudinal Variational Auto Encoders	50	91	31	90	90	42	123	34	232	24	88	24	201	62	37	23	55	14
399-Paper1523	Progressive Deep Segmentation of Coronary Artery via Hierarchical Topology Learning	35	25	54	37	36	82	8	150	31	10	23	27	14	124	166	41	75	17
400-Paper0603	Progressive Subsampling for Oversampled Data - Application to Quantitative MRI	109	140	15	120	68	31	449	193	52	94	32	6	451	132	43	3	73	33
401-Paper2710	Prostate Cancer Histology Synthesis using StyleGAN Latent Space Annotation	52	22	101	37	30	57	134	41	42	23	29	13	29	41	347	15	21	21
402-Paper1589	PRO-TIP: Phantom for RObust automatic ultrasound calibration by TIP detection	34	39	41	30	49	67	37	24	124	1	24	39	83	4	228	11	10	43
403-Paper1074	Prototype Learning of Inter-network Connectivity for ASD Diagnosis and Personalized Analysis	24	60	89	35	42	92	47	268	145	9	42	41	29	68	484	67	45	59
404-Paper0648	Pseudo Bias-Balanced Learning for Debiased Chest X-ray Classification	32	68	52	4	4	168	21	9	53	3	7	25	42	222	37	6	15	21
405-Paper1613	Radiological Reports Improve Pre-Training for Localized Imaging Tasks on Chest X-Rays	58	36	63	66	46	48	18	120	49	21	23	16	73	74	101	6	47	41
406-Paper1231	RandStainNA: Learning Stain-Agnostic Features from Histology Slides by Bridging Stain Augmentation and Normalization	72	43	61	82	7	67	234	21	173	45	6	1	82	101	6	17	27	35
407-Paper0281	Real-Time 3D Reconstruction of Human Vocal Folds via High-Speed Laser-Endoscopy	27	76	122	13	98	59	121	88	26	7	52	52	60	115	158	7	70	50
408-Paper2438	Recurrent Implicit Neural Graph for Deformable Tracking in Endoscopic Videos	53	38	41	12	67	9	50	164	28	11	60	11	24	460	33	12	42	18
409-Paper0524	Reducing Positional Variance in Cross-sectional Abdominal CT Slices with Deep Conditional Generative Models	57	59	67	57	33	15	206	71	112	33	4	4	63	22	12	28	9	22
410-Paper1513	RefineNet: An Automated Framework to Generate Task and Subject-Specific Brain Parcellations for Resting-State fMRI Analysis	41	17	11	25	31	31	46	1	111	18	2	1	69	51	196	27	9	17
411-Paper2050	Region Proposal Rectification Towards Robust Instance Segmentation of Biological Images	54	33	38	27	40	46	44	60	59	13	25	13	4	60	156	8	26	15
412-Paper2308	Region-guided CycleGANs for Stain Transfer in Whole Slide Images	24	92	69	17	228	65	91	73	299	12	7	47	64	24	17	33	95	20
413-Paper1821	Regression Metric Loss: Learning a Semantic Representation Space for Medical Images	48	58	36	69	20	28	14	75	24	30	8	11	194	301	23	13	14	27
414-Paper1003	Reinforcement Learning Driven Intra-modal and Inter-modal Representation Learning for 3D Medical Image Classification	29	27	42	29	60	44	39	231	71	36	9	20	27	86	97	10	9	27
415-Paper1608	Reinforcement learning for active modality selection during diagnosis	17	74	51	13	99	73	54	131	52	8	32	5	13	183	60	28	22	29
416-Paper2249	Reliability of quantification estimates in MR Spectroscopy: CNNs vs. traditional model fitting	24	23	94	22	93	45	97	78	88	26	2	53	87	68	195	28	13	45
417-Paper0724	Reliability-aware Contrastive Self-ensembling for Semi-supervised Medical Image Classification	41	84	85	40	40	47	12	14	35	7	26	23	16	82	106	10	38	24
418-Paper0235	ReMix: A General and Efficient Framework for Multiple Instance Learning based Whole Slide Image Classification	91	35	76	96	34	69	138	42	31	12	9	10	104	195	178	55	48	23
419-Paper1023	RemixFormer: A Transformer Model for Precision Skin Tumor Differential Diagnosis via Multi-modal Imaging and Non-imaging Data	28	29	33	2	23	31	136	103	33	136	34	41	136	103	32	136	32	33
420-Paper0090	Removal of Confounders via Invariant Risk Minimization for Medical Diagnosis	104	51	82	51	54	69	39	29	117	54	11	24	85	136	98	57	11	60
421-Paper2844	RepsNet: Combining Vision with Language for Automated Medical Reports	24	43	41	45	21	26	28	18	93	4	10	29	42	39	40	5	13	12
422-Paper1632	Residual Wavelon Convolutional Networks for Characterization of Disease Response on MRI	50	21	35	49	7	30	109	48	15	37	3	6	64	253	9	71	5	80
423-Paper2639	Rethinking Breast Lesion Segmentation in Ultrasound: A New Video Dataset and A Baseline Network	63	54	38	136	114	10	47	50	26	9	10	31	47	75	141	24	26	28
424-Paper0739	Rethinking Surgical Captioning: End-to-End Window-Based MLP Transformer Using Patches	37	45	69	48	39	126	143	282	108	21	9	15	19	195	204	13	63	1
425-Paper0641	Rethinking Surgical Instrument Segmentation: A Background Image Can Be All You Need	29	78	149	7	39	54	38	83	108	2	12	40	9	25	347	6	31	71
426-Paper2077	Retrieval of surgical phase transitions using reinforcement learning	36	78	91	13	37	44	104	45	113	7	7	261	3	1261	699	8	38	88
427-Paper1808	Revealing Continuous Brain Dynamical Organization with Multimodal Graph Transformer	19	29	49	54	17	42	114	18	220	13	4	24	10	37	22	22	26	11
428-Paper0359	Rib Suppression in Digital Chest Tomosynthesis	27	59	91	66	53	60	170	23	120	1	13	13	3	120	191	46	8	56
429-Paper2294	Robust Segmentation of Brain MRI in the Wild with Hierarchical CNNs and no Retraining	45	73	34	104	72	17	35	61	144	30	41	29	55	61	1	50	36	29
430-Paper0042	RPLHR-CT Dataset and Transformer Baseline for Volumetric Super-Resolution from CT Scans	42	66	126	16	41	106	27	137	81	7	12	2	284	24	1	66	112	10
431-Paper2738	RT-DNAS: Real-time Constrained Differentiable Neural Architecture Search for 3D Cardiac Cine MRI Segmentation	56	55	53	65	45	21	347	14	6	11	43	13	56	74	73	38	33	18
432-Paper2234	RTN: Reinforced Transformer Network for Coronary CT Angiography Vessel-level Image Quality Assessment	72	37	89	43	48	137	51	45	85	10	33	1	305	265	7	57	54	15
433-Paper0279	S3R: Self-supervised Spectral Regression for Hyperspectral Histopathology Image Classification	50	38	104	51	77	53	143	44	286	17	12	26	48	89	79	7	35	26
434-Paper0610	S5CL: Unifying Fully-Supervised, Self-Supervised, and Semi-Supervised Learning Through Hierarchical Contrastive Learning	55	77	83	71	114	43	253	69	34	10	16	8	17	170	86	44	19	40
435-Paper0710	Sample hardness based gradient loss for long-tailed cervical cell detection	75	63	52	77	44	76	83	62	72	36	31	74	2	48	51	46	47	19
436-Paper0559	SAPJNet: Sequence-Adaptive Prototype-Joint Network for Small Sample Multi-Sequence MRI Diagnosis	140	89	39	284	39	81	284	37	180	284	12	14	284	388	7	140	37	42
437-Paper0153	SATr: Slice Attention with Transformer for Universal Lesion Detection	21	45	44	59	73	58	53	71	50	7	16	3	6	78	21	23	60	3
438-Paper2686	Scale-Equivariant Unrolled Neural Networks for Data-Efficient Accelerated MRI Reconstruction	34	24	42	26	44	24	72	48	79	25	14	9	158	13	139	27	23	26
439-Paper1966	Screening of Dementia on OCTA Images via Multi-projection Consistency and Complementarity	51	34	38	51	82	31	99	84	121	18	7	10	45	15	30	54	28	10
440-Paper1416	Scribble2D5: Weakly-Supervised Volumetric Image Segmentation via Scribble Annotations	74	56	52	93	89	46	266	46	33	27	23	8	112	23	244	28	8	37
441-Paper0453	Scribble-Supervised Medical Image Segmentation via Dual-Branch Network and Dynamically Mixed Pseudo Labels Supervision	55	38		94	52		141	123		22	18		98	48		40	65	
442-Paper1998	SD-LayerNet: Semi-supervised retinal layer segmentation in OCT using disentangled representation with anatomical priors	32	61	70	62	67	52	54	71	35	12	8	1	110	5	101	57	5	15
443-Paper1826	SeATrans: Learning Segmentation-Assisted diagnosis model via Transformer	43	34	84	34	46	101	56	24	50	41	10	27	2	57	80	2	4	58
444-Paper2257	Segmentation of Whole-brain Tractography: A Deep Learning Algorithm Based on 3D Raw Curve Points	41	47	58	53	60	45	161	125	133	14	13	8	10	68	1	49	37	30
445-Paper1676	Self-Ensembling Vision Transformer (SEViT) for Robust Medical Image Classification	37	21	59	40	25	8	93	18	148	3	5	11	26	120	50	7	11	9
446-Paper1504	Self-learning and One-shot Learning based Single-slice Annotation for 3D Medical Image Segmentation	22	141	37	56	51	23	30	216	39	2	38	4	133	360	23	12	51	12
447-Paper1341	SelfMix: A Self-adaptive Data Augmentation Method for Lesion Segmentation	38	36	32	46	24	30	70	136	252	12	5	5	30	193	5	11	23	1
448-Paper2822	Self-Rating Curriculum Learning for Localization and Segmentation of Tuberculosis on Chest Radiograph	52	24	131	33	20	20	39	47	101	15	4	47	121	181	157	27	40	34
449-Paper0442	Self-supervised 3D anatomy segmentation using self-distilled masked image transformer (SMIT)	126	43	49	60	19	28	22	29	113	12	10	14	239	5	56	61	29	12
450-Paper1766	Self-supervised 3D Patient Modeling with Multi-modal Attentive Fusion	100	61	141	37	44	176	46	9	139	26	55	61	126	191	422	20	44	47
451-Paper0450	Self-Supervised Depth Estimation in Laparoscopic Image using 3D Geometric Consistency	61	59	32	145	37	54	256	53	354	1	14	10	28	288	6	24	52	43
452-Paper2634	Self-Supervised Learning of Morphological Representation for 3D EM Segments with Cluster-Instance Correlations	45	43	43	68	16	36	46	188	20	6	8	15	93	65	124	8	64	20
453-Paper2043	Self-Supervised Pre-Training for Nuclei Segmentation	55	44	85	14	47	62	260	114	303	22	32	32	10	55	90	13	5	103
454-Paper0106	Semi-supervised histological image segmentation via hierarchical consistency enforcement	58	106	38	83	110	85	199	102	190	16	9	16	169	69	6	43	83	23
455-Paper0597	Semi-supervised Learning for Nerve Segmentation in Corneal Confocal Microscope Photography	55	58	73	43	69	32	35	43	37	30	1	13	55	79	147	47	17	9
456-Paper1900	Semi-supervised learning with data harmonisation for biomarker discovery from resting state fMRI	42	12	120	25	5	128	36	9	263	1	3	30	205	107	546	31	36	62
457-Paper0358	Semi-Supervised Medical Image Classification with Temporal Knowledge-Aware Regularization	37	81	71	38	55	84	78	109	139	11	11	4	57	63	4	14	16	30
458-Paper0427	Semi-Supervised Medical Image Segmentation Using Cross-Model Pseudo-Supervision with Shape Awareness and Local Context Constraints	62	66	72	12	17	25	51	27	87	12	15	22	111	145	36	11	25	25
459-Paper1441	Semi-Supervised PR Virtual Staining for Breast Histopathological Images	27	44	14	9	8	33	11	23	41	12	16	1	12	207	53	24	49	40
460-Paper0482	Semi-Supervised Spatial Temporal Attention Network for Video Polyp Segmentation	47	25	29	100	17	30	131	28	48	56	19	11	26	109	32	31	33	15
461-Paper0543	Sensor Geometry Generalization to Untrained Conditions in Quantitative Ultrasound Imaging	106	22	19	127	38	18	85	9	62	96	24	1	447	40	77	57	9	22
462-Paper0415	SETMIL: Spatial Encoding Transformer-based Multiple Instance Learning for Pathological Image Analysis	65	45	40	68	34	117	106	195	132	9	6	18	2	106	81	13	32	14
463-Paper2204	SGT: Scene Graph-Guided Transformer for Surgical Report Generation	47	89	65	19	36	77	23	79	164	10	46	3	127	16	34	6	57	26
464-Paper0193	Shape-Aware Weakly/Semi-Supervised Optic Disc and Cup Segmentation with Regional/Marginal Consistency	49	26	73	22	31	29	34	126	9	20	3	14	64	3	75	29	19	143
465-Paper1627	Shape-based features of white matter fiber-tracts associated with outcome in Major Depression Disorder	61	23	26	60	8	47	329	48	22	7	19	51	379	26	65	47	17	9
466-Paper0537	ShapePU: A New PU Learning Framework Regularized by Global Consistency for Scribble Supervised Cardiac Segmentation	53	46	82	84	44	79	43	13	189	22	15	44	226	45	191	24	29	37
467-Paper2725	Show, Attend and Detect: Towards Fine-grained Assessment of Abdominal Aortic Calcification on Vertebral Fracture Assessment Scans	81	58	86	164	38	24	54	187	29	1	12	46	45	292	392	62	38	62
468-Paper0060	Siamese Encoder-based Spatial-Temporal Mixer for Growth Trend Prediction of Lung Nodules on CT Scans	88	41	61	99	88	38	110	69	158	1	38	32	96	55	71	66	61	21
469-Paper1539	Simultaneous Bone and Shadow Segmentation Network using Task Correspondence Consistency	34	32	33	31	10	50	42	12	39	2	11	4	25	175	11	36	18	7
470-Paper0924	Skin Lesion Recognition with Class-Hierarchy Regularized Hyperbolic Embeddings	53	51	63	90	16	44	99	145	57	76	1	51	189	14	115	15	21	41
471-Paper1806	SLAM-TKA: Real-time Intra-operative Measurement of Tibial Resection Plane in Conventional Total Knee Arthroplasty	50	50	38	22	28	46	41	9	3	18	7	37	555	66	18	21	13	41
472-Paper2190	SMESwin Unet: Merging CNN and Transformer for Medical Image Segmentation	66	70	66	132	54	32	69	73	71	4	3	25	176	68	185	29	24	41
473-Paper2715	Sparse Interpretation of Graph Convolutional Networks for Multi-Modal Diagnosis of Alzheimer's Disease	64	29	25	51	45	33	101	19	8	22	8	14	137	94	60	68	30	17
474-Paper1168	Spatial-hierarchical Graph Neural Network with Dynamic Structure Learning for Histological Image Classification	57	53	39	102	39	31	48	87	15	23	15	29	29	26	259	61	32	18
475-Paper0557	Spatiotemporal Attention for Early Prediction of Hepatocellular Carcinoma based on Longitudinal Ultrasound Images	38	43	82	74	32	26	105	61	22	24	4	10	190	62	161	36	42	44
476-Paper1715	Spatio-temporal motion correction and iterative reconstruction of in-utero fetal fMRI	36	37	37	23	39	24	57	149	38	20	20	14	20	149	79	46	15	24
477-Paper0361	Stabilize, Decompose, and Denoise: Self-Supervised Fluoroscopy Denoising	56	51	29	49	21	3	191	6	3	4	11	1	14	455	180	12	30	3
478-Paper1623	Stay focused - Enhancing model interpretability through guided feature training	98	79	29	78	90	38	68	178	83	9	24	41	66	99	164	24	70	26
479-Paper1049	Stepwise Feature Fusion: Local Guides Global	40	43	47	28	40	132	91	69	458	6	13	59	140	33	194	54	29	52
480-Paper2108	Stereo Depth Estimation via Self-Supervised Contrastive Representation Learning	22	25	26	80	61	26	9	58	209	32	21	7	6	64	47	4	16	20
481-Paper0252	Stroke lesion segmentation from low-quality and few-shot MRIs via similarity-weighted self-ensembling framework	147	46	62	69	58	37	348	66	122	44	6	8	409	208	70	87	55	33
482-Paper0050	Structure-consistent Restoration Network for Cataract Fundus Image Enhancement	75	90	36	52	71	35	217	165	45	10	38	6	51	57	13	101	12	74
483-Paper1454	Super-Focus: Domain Adaptation for Embryo Imaging via Self-Supervised Focal Plane Regression	57	89	78	23	30	45	34	58	264	28	30	14	141	25	73	16	13	39
484-Paper1684	SUPER-IVIM-DC: Intra-voxel incoherent motion based Fetal lung maturity assessment from limited DWI data using supervised learning coupled with data-consistency	117	148	55	35	25	62	97	154	38	69	40	12	32	20	63	50	18	93
485-Paper2448	Supervised Contrastive Learning to Classify Paranasal Anomalies in the Maxillary Sinus	26	24	41	22	32	58	136	53	80	34	7	24	58	10	81	35	59	39
486-Paper1659	Supervised Deep Learning for Head Motion Correction in PET	78	65	67	41	59	138	269	148	45	269	10	65	269	159	1106	148	75	46
487-Paper1418	Suppressing Poisoning Attacks on Federated Learning for Medical Imaging	73	31	49	19	48	48	91	80	92	11	16	1	120	202	5	22	127	19
489-Paper2739	Surgical Scene Segmentation Using Semantic Image Synthesis with a Virtual Surgery Environment	33	71	57	39	55	58	5	39	92	3	10	47	22	55	153	70	89	26
490-Paper0951	Surgical Skill Assessment via Video Semantic Aggregation	28	40	87	61	34	122	106	114	137	5	7	47	44	3	85	29	27	60
491-Paper0916	Surgical-VQA: Visual Question Answering in Surgical Scenes using Transformer	46	37	95	67	30	68	109	203	82	6	97	8	5	75	117	38	55	11
492-Paper1119	Survival Prediction of Brain Cancer with Incomplete Radiology, Pathology, Genomic, and Demographic Data	43	93	82	302	46	100	143	40	90	8	11	29	83	274	182	53	19	24
493-Paper0015	SVoRT: Iterative Transformer for Slice-to-Volume Registration in Fetal Brain MRI	71	102	63	36	122	62	52	51	44	40	10	41	600	145	86	31	81	46
494-Paper1401	Swin Deformable Attention U-Net Transformer (SDAUT) for Explainable Fast MRI	20	31	70	56	31	35	72	213	195	21	3	31	61	31	129	26	82	45
495-Paper0819	Swin-VoxelMorph: A Symmetric Unsupervised Learning Model for Deformable Medical Image Registration Using Swin Transformer	95	36	48	53	31	22	6	40	33	8	22	15	59	13	66	45	22	35
496-Paper0194	Tagged-MRI Sequence to Audio Synthesis via Self Residual Attention Guided Heterogeneous Translator	16	46	105	40	86	48	75	12	75	9	17	10	72	12	215	29	25	22
497-Paper0832	Task-oriented Self-supervised Learning for Anomaly Detection in Electroencephalography	58	37	9	27	25	37	59	130	61	9	14	1	164	43	93	37	11	52
498-Paper0887	Task-relevant Feature Replenishment for Cross-centre Polyp Segmentation	142	32	29	51	46	33	104	46	161	54	8	25	12	114	43	37	38	63
499-Paper1318	TBraTS: Trusted Brain Tumor Segmentation	37	42	34	25	26	35	20	42	128	10	4	4	26	323	53	13	48	4
500-Paper1738	Test Time Transform Prediction for Open Set Histopathological Image Recognition	125	36	18	23	15	27	7	11	47	19	17	33	152	76	62	19	16	6
501-Paper0841	Test-time Adaptation with Calibration of Medical Image Classification Nets for Label Distribution Shift	73	114	57	32	50	78	29	115	187	14	9	3	111	35	129	12	38	45
502-Paper2231	Test-Time Adaptation with Shape Moments for Image Segmentation	152	105	25	51	37	57	90	190	25	25	72	52	104	356	64	88	56	25
503-Paper0733	Test-time image-to-image translation ensembling improves out-of-distribution generalization in histopathology	35	74	55	28	34	50	63	82	111	6	29	14	29	126	34	5	13	14
504-Paper2524	TGANet: Text-guided attention for improved polyp segmentation	50	39	31	25	86	45	75	113	78	10	19	7	71	25	80	61	32	26
505-Paper2266	The (de)biasing effect of GAN-based augmentation methods on skin lesion images	39	78	51	12	83	34	30	110	33	4	11	10	91	73	39	11	73	19
506-Paper2284	The Dice loss in the context of missing or empty labels: introducing Ph and 	41	71	98	41	53	46	27	173	69	16	45	9	129	67	118	47	39	41
507-Paper1636	The Intrinsic Manifolds of Radiological Images and their Role in Deep Learning	61	72		13	54		17	213		10	4		20	67		7	42	
508-Paper2523	The Semi-constrained Network-Based Statistic (scNBS): integrating local and global information for brain network inference	70	59	47	37	16	25	137	92	10	67	176	15	70	24	173	66	20	10
509-Paper0158	Thoracic Lymph Node Segmentation in CT imaging via Lymph Node Station Stratification and Size Encoding	27	60	113	36	62	71	22	111	94	27	1	13	51	22	218	45	20	94
510-Paper1449	TINC: Temporally Informed Non-Contrastive Learning for Disease Progression Modeling in Retinal OCT Volumes	74	40	32	77	18	36	47	9	58	29	2	23	332	86	93	20	8	15
511-Paper2727	TMSS: An End-to-End Transformer-based Multimodal Network for Segmentation and Survival Prediction	21	21	57	19	33	69	52	16	27	1	11	34	78	6	258	22	13	54
512-Paper2295	Toward Clinically Assisted Colorectal Polyp Recognition via Structured Cross-modal Representation Consistency	20	17	20	21	23	29	31	46	7	15	1	27	55	195	18	45	12	45
513-Paper2769	Towards Confident Detection of Prostate Cancer using High Resolution Micro-ultrasound	51	52	50	24	73	43	20	139	83	1	9	29	127	33	39	5	15	54
514-Paper1162	Towards Holistic Surgical Scene Understanding	95	73	56	160	133	65	44	58	48	59	9	21	100	58	48	45	27	8
515-Paper1782	Towards performant and reliable undersampled MR reconstruction via diffusion model sampling	38	23	89	61	39	76	87	184	22	8	13	34	34	99	84	27	25	31
516-Paper0313	Towards Unsupervised Ultrasound Video Clinical Quality Assessment with Multi-Modality Data	42	97	15	31	50	22	14	32	37	4	37	26	193	386	162	15	41	13
517-Paper0500	Tracking by weakly-supervised learning and graph optimization for whole-embryo C. elegans lineages	85	61	66	79	24	98	150	54	167	53	25	34	371	297	4	34	91	28
518-Paper2282	TractoFormer: A Novel Fiber-level Whole Brain Tractography Analysis Framework Using Spectral Embedding and Vision Transformers	25	37	54	57	29	49	56	49	218	2	19	12	64	75	1	12	17	22
519-Paper1253	TransEM: Residual Swin-Transformer based regularized PET image reconstruction	96	69	59	13	72	53	144	79	271	10	1	116	34	32	497	39	31	83
520-Paper1473	Transformer based feature fusion for left ventricle segmentation in 4D flow MRI	46	57	45	59	82	39	13	33	12	19	15	13	17	41	216	29	15	7
521-Paper0965	Transformer based multiple instance learning for weakly supervised histopathology image segmentation	78	84	50	58	25	46	132	113	139	15	25	4	19	172	65	53	26	23
522-Paper1805	Transformer Based Multi-task Deep Learning with Intravoxel Incoherent Motion Model Fitting for Microvascular Invasion Prediction of Hepatocellular Carcinoma	36	59	65	35	25	21	42	53	16	5	6	11	57	192	159	24	4	34
523-Paper1238	Transformer Based Multi-View Network for Mammographic Image Classification	71	49	48	11	27	41	76	94	18	21	3	13	55	48	10	43	50	13
524-Paper0423	Transformer Lesion Tracker	39	22		18	70		154	178		18	24		66	50		16	39	
525-Paper1461	Transforming the Interactive Segmentation for Medical Imaging	30	56	108	41	72	42	18	65	107	5	50	13	248	36	301	20	22	39
526-Paper1860	TransFusion: Multi-view Divergent Fusion for Medical Image Segmentation with Transformers	38	34	25	24	36	51	60	74	31	46	23	6	78	32	24	51	19	14
527-Paper0417	TranSQ: Transformer-based Semantic Query for Medical Report Generation	94	44	66	83	24	30	77	75	22	30	37	49	73	23	341	71	16	67
528-Paper0837	Trichomonas Vaginalis Segmentation in Microscope Images	52	65	26	40	48	50	82	79	19	22	160	20	66	101	147	27	30	9
529-Paper0983	UASSR:Unsupervised Arbitrary Scale Super-resolution Reconstruction of Single Anisotropic 3D images via Disentangled Representation Learning?	88	50	37	31	63	35	197	61	32	151	28	17	458	7	107	98	3	13
530-Paper0805	ULTRA: Uncertainty-aware Label Distribution Learning for Breast Tumor Cellularity Assessment	52	67	104	24	55	7	12	105	65	9	14	32	233	56	158	12	23	39
531-Paper2324	Uncertainty Aware Sampling Framework of Weak-Label Learning for Histology Image Classification	29	74	30	15	38	64	42	227	8	6	17	14	40	93	121	62	17	47
532-Paper1024	Uncertainty-aware Cascade Network for Ultrasound Image Segmentation with Ambiguous Boundary	41	29	18	34	20	46	29	37	15	13	4	3	218	128	115	28	21	10
533-Paper0136	Uncertainty-Guided Lung Nodule Segmentation with Feature-Aware Attention	91	13	74	60	12	123	247	111	118	15	1	18	120	7	37	23	7	52
534-Paper0010	Undersampled MRI Reconstruction with Side Information-Guided Normalisation	25	59	55	29	75	31	17	14	25	10	19	13	4	54	115	14	28	16
535-Paper0077	UNeXt: MLP-based Rapid Medical Image Segmentation Network	88	46	27	64	139	24	38	127	218	52	16	31	423	37	6	50	43	4
536-Paper1888	Uni4Eye: Unified 2D and 3D Self-supervised Pre-training via Masked Image Modeling Transformer for Ophthalmic Image Classification	121	118	64	65	95	23	123	108	51	29	62	12	133	370	127	24	70	7
537-Paper2587	Unified Embeddings of Structural and Functional Connectome via a Function-Constrained Structural Graph Variational Auto-Encoder	51	36	24	29	22	45	50	46	45	5	7	16	105	54	264	43	7	44
538-Paper1638	Unsupervised Contrastive Learning of Image Representations from Ultrasound Videos with Hard Negative Mining	49	38	35	48	28	59	80	61	27	3	13	7	15	102	41	60	51	35
539-Paper0316	Unsupervised Cross-Disease Domain Adaptation by Lesion Scale Matching	78	67	39	34	33	42	67	9	126	29	7	10	92	9	16	32	7	3
540-Paper2464	Unsupervised Cross-Domain Feature Extraction for Single Blood Cell Image Classification	38	20	42	14	69	36	53	429	157	32	10	15	143	479	28	19	10	41
541-Paper0421	Unsupervised Deep Non-Rigid Alignment by Low-Rank Loss and Multi-Input Attention	24	56	66	37	25	76	36	147	18	3	33	36	216	203	531	8	22	23
542-Paper0045	Unsupervised Deformable Image Registration with Absent Correspondences in Pre-operative and Post-Recurrence Brain Tumor MRI Scans	46	85	18	18	57	19	166	60	37	21	43	11	23	79	185	29	56	39
543-Paper2562	Unsupervised Domain Adaptation with Contrastive Learning for OCT Segmentation	59	37	76	36	44	82	158	12	264	12	4	42	2	200	26	15	27	55
544-Paper0139	Unsupervised Domain Adaptive Fundus Image Segmentation with Category-level Regularization	51	40	23	40	6	23	55	296	24	11	14	4	44	3	68	24	10	9
545-Paper0928	Unsupervised Lesion-Aware Transfer Learning for Diabetic Retinopathy Grading in Ultra-Wide-Field Fundus Photography	40	102	89	33	24	27	32	57	57	8	20	33	126	135	605	19	40	31
546-Paper2097	Unsupervised Nuclei Segmentation using Spatial Organization Priors	41	149	44	32	21	23	71	154	20	22	44	58	120	175	145	14	23	57
547-Paper2242	Unsupervised Representation Learning of Cingulate Cortical Folding Patterns	33	16	54	40	17	17	74	36	36	9	10	11	51	50	173	21	15	14
548-Paper0547	Usable Region Estimate for Assessing Practical Usability of Medical Image Segmentation Models	54	34	40	55	34	6	142	21	20	14	5	2	85	183	35	44	38	18
549-Paper0871	USG-Net: Deep Learning-based Ultrasound Scanning-Guide for an Orthopedic Sonographer	89	48	51	25	50	50	59	48	78	22	28	37	482	51	292	16	34	45
550-Paper0962	Using Guided Self-Attention with Local Information for Polyp Segmentation	18	29	103	31	42	83	41	36	55	2	19	268	14	191	81	9	37	70
551-Paper1714	USPoint: Self-Supervised Interest Point Detection and Description for Ultrasound-Probe Motion Estimation during Fine-Adjustment Standard Fetal Plane Finding	107	115	12	79	120	19	326	159	94	16	41	8	232	181	131	55	14	21
552-Paper1036	Vector Quantisation for Robust Segmentation	53	34	18	91	49	61	208	282	26	1	68	21	85	407	125	36	29	25
553-Paper2513	Video-based Surgical Skills Assessment using Long term Tool Tracking	75	14	107	46	50	80	61	139	33	28	5	83	180	71	1097	36	12	24
554-Paper2365	Vision-Language Contrastive Learning Approach to Robust Automatic Placenta Analysis Using Photographic Images	34	38	74	47	49	51	31	64	85	28	2	80	26	250	90	18	32	20
555-Paper2116	Visual deep learning-based explanation for neuritic plaques segmentation in Alzheimer's Disease using weakly annotated whole slide histopathological images	27	40	50	58	14	18	75	36	47	26	6	10	38	128	47	41	21	18
556-Paper0718	Visual explanations for the detection of diabetic retinopathy from retinal fundus images	50	68	29	84	55	55	38	93	169	19	3	29	54	33	99	4	7	80
557-Paper0634	vMFNet: Compositionality Meets Domain-generalised Segmentation	45	102	76	59	61	84	56	149	138	11	22	27	82	128	385	78	35	42
558-Paper0897	Vol2Flow: Segment 3D Volumes using a Sequence of Registration Flows	55	42	61	10	25	29	11	24	135	9	17	4	27	285	29	14	12	69
559-Paper1748	Warm Start Active Learning with Proxy Labels & Selection via Semi-Supervised Fine-Tuning	30	65	60	93	23	70	51	64	118	3	14	7	31	68	21	11	16	46
560-Paper1064	WavTrans: Synergizing Wavelet and Cross-Attention Transformer for Multi-Contrast MRI Super-resolution	62	42	37	41	42	39	24	56	21	18	25	13	41	147	32	74	4	5
561-Paper1100	Weakly Supervised MR-TRUS Image Synthesis for Brachytherapy of Prostate Cancer	41	49	34	42	25	65	75	1	12	11	9	39	56	21	5	35	52	27
562-Paper0890	Weakly Supervised Online Action Detection for Infant General Movements	102	84	72	47	77	108	42	85	97	34	24	50	44	50	120	24	60	55
563-Paper1515	Weakly Supervised Segmentation by Tensor Graph Learning for Whole Slide Images	94	45	15	74	21	3	136	125	3	57	31	1	284	19	182	41	31	3
564-Paper1599	Weakly Supervised Volumetric Image Segmentation with Deformed Templates	80	44	20	42	23	15	139	20	195	14	6	37	60	36	65	21	22	49
565-Paper0507	Weakly-supervised Biomechanically-constrained CT/MRI Registration of the Spine	19	58	27	16	81	8	20	69	57	25	9	1	20	79	60	11	8	17
566-Paper1283	Weakly-supervised High-fidelity Ultrasound Video Synthesis with Feature Decoupling	78	29	52	38	116	37	77	66	103	20	22	10	95	12	18	18	28	8
567-Paper0130	Weighted Concordance Index Loss-based Multimodal Survival Modeling for Radiation Encephalopathy Assessment in Nasopharyngeal Carcinoma Radiotherapy	61	35	144	103	34	61	102	52	39	21	23	47	41	21	67	27	41	54
568-Paper1328	What can we learn about a generated image corrupting its latent representation?	53	48	74	19	34	59	64	43	33	2	16	13	21	109	14	37	12	68
569-Paper0115	What Makes for Automatic Reconstruction of Pulmonary Segments	34	108	54	30	18	37	57	223	165	13	17	7	131	47	33	13	15	13
570-Paper2080	White Matter Tracts are Point Clouds: Neuropsychological Score Prediction and Critical Region Localization via Geometric Deep Learning	92	34	73	68	48	58	180	24	177	62	13	17	37	88	22	41	10	57
571-Paper1180	Whole Slide Cervical Cancer Screening Using Graph Attention Network and Supervised Contrastive Learning	38	19	45	18	30	48	16	174	26	2	11	26	276	22	35	7	161	53
572-Paper0898	Why patient data cannot be easily forgotten?	33	114	52	25	70	44	68	78	229	4	24	8	240	161	48	17	29	17
573-Paper0475	XMorpher: Full Transformer for Deformable Medical Image Registration via Cross Attention	24	42	61	27	14	50	34	105	16	11	9	1	249	198	259	39	6	31
574-Paper1063	Y-Net: A Spatiospectral Dual-Encoder Network for Medical Image Segmentation	35	34	47	64	14	7	150	13	90	27	13	1	61	117	66	29	1	10
